,0
平安银行(000001),sz000001
万科A(000002),sz000002
国华网安(000004),sz000004
ST星源(000005),sz000005
深振业A(000006),sz000006
*ST全新(000007),sz000007
神州高铁(000008),sz000008
中国宝安(000009),sz000009
美丽生态(000010),sz000010
深物业A(000011),sz000011
南玻A(000012),sz000012
沙河股份(000014),sz000014
深康佳A(000016),sz000016
深中华A(000017),sz000017
神城A退(000018),sz000018
深粮控股(000019),sz000019
深华发A(000020),sz000020
深科技(000021),sz000021
深天地A(000023),sz000023
特力A(000025),sz000025
飞亚达(000026),sz000026
深圳能源(000027),sz000027
国药一致(000028),sz000028
深深房A(000029),sz000029
富奥股份(000030),sz000030
大悦城(000031),sz000031
深桑达A(000032),sz000032
新都退(000033),sz000033
神州数码(000034),sz000034
中国天楹(000035),sz000035
华联控股(000036),sz000036
深南电A(000037),sz000037
深大通(000038),sz000038
中集集团(000039),sz000039
东旭蓝天(000040),sz000040
中洲控股(000042),sz000042
深纺织A(000045),sz000045
泛海控股(000046),sz000046
京基智农(000048),sz000048
德赛电池(000049),sz000049
深天马A(000050),sz000050
方大集团(000055),sz000055
皇庭国际(000056),sz000056
深赛格(000058),sz000058
华锦股份(000059),sz000059
中金岭南(000060),sz000060
农产品(000061),sz000061
深圳华强(000062),sz000062
中兴通讯(000063),sz000063
北方国际(000065),sz000065
中国长城(000066),sz000066
华控赛格(000068),sz000068
华侨城A(000069),sz000069
特发信息(000070),sz000070
海王生物(000078),sz000078
盐田港(000088),sz000088
深圳机场(000089),sz000089
天健集团(000090),sz000090
广聚能源(000096),sz000096
中信海直(000099),sz000099
TCL科技(000100),sz000100
宜华健康(000150),sz000150
中成股份(000151),sz000151
丰原药业(000153),sz000153
川能动力(000155),sz000155
华数传媒(000156),sz000156
中联重科(000157),sz000157
常山北明(000158),sz000158
国际实业(000159),sz000159
申万宏源(000166),sz000166
东方盛虹(000301),sz000301
美的集团(000333),sz000333
潍柴动力(000338),sz000338
许继电气(000400),sz000400
冀东水泥(000401),sz000401
金融街(000402),sz000402
派林生物(000403),sz000403
长虹华意(000404),sz000404
胜利股份(000407),sz000407
藏格控股(000408),sz000408
云鼎科技(000409),sz000409
ST沈机(000410),sz000410
英特集团(000411),sz000411
东旭光电(000413),sz000413
渤海租赁(000415),sz000415
民生控股(000416),sz000416
合肥百货(000417),sz000417
小天鹅A(000418),sz000418
通程控股(000419),sz000419
吉林化纤(000420),sz000420
南京公用(000421),sz000421
湖北宜化(000422),sz000422
东阿阿胶(000423),sz000423
徐工机械(000425),sz000425
兴业矿业(000426),sz000426
华天酒店(000428),sz000428
粤高速A(000429),sz000429
张家界(000430),sz000430
晨鸣纸业(000488),sz000488
山东路桥(000498),sz000498
鄂武商A(000501),sz000501
*ST绿景(000502),sz000502
国新健康(000503),sz000503
南华生物(000504),sz000504
京粮控股(000505),sz000505
中润资源(000506),sz000506
珠海港(000507),sz000507
*ST华塑(000509),sz000509
新金路(000510),sz000510
烯碳退(000511),sz000511
丽珠集团(000513),sz000513
渝开发(000514),sz000514
国际医学(000516),sz000516
荣安地产(000517),sz000517
四环生物(000518),sz000518
中兵红箭(000519),sz000519
长航凤凰(000520),sz000520
长虹美菱(000521),sz000521
*ST浪奇(000523),sz000523
岭南控股(000524),sz000524
ST红太阳(000525),sz000525
学大教育(000526),sz000526
柳工(000528),sz000528
广弘控股(000529),sz000529
冰山冷热(000530),sz000530
穗恒运A(000531),sz000531
华金资本(000532),sz000532
顺钠股份(000533),sz000533
万泽股份(000534),sz000534
华映科技(000536),sz000536
广宇发展(000537),sz000537
云南白药(000538),sz000538
粤电力A(000539),sz000539
中天金融(000540),sz000540
佛山照明(000541),sz000541
皖能电力(000543),sz000543
中原环保(000544),sz000544
金浦钛业(000545),sz000545
金圆股份(000546),sz000546
航天发展(000547),sz000547
湖南投资(000548),sz000548
江铃汽车(000550),sz000550
创元科技(000551),sz000551
靖远煤电(000552),sz000552
安道麦A(000553),sz000553
泰山石油(000554),sz000554
神州信息(000555),sz000555
西部创业(000557),sz000557
莱茵体育(000558),sz000558
万向钱潮(000559),sz000559
我爱我家(000560),sz000560
烽火电子(000561),sz000561
陕国投A(000563),sz000563
*ST大集(000564),sz000564
渝三峡A(000565),sz000565
海南海药(000566),sz000566
海德股份(000567),sz000567
泸州老窖(000568),sz000568
苏常柴A(000570),sz000570
ST大洲(000571),sz000571
海马汽车(000572),sz000572
粤宏远A(000573),sz000573
甘化科工(000576),sz000576
威孚高科(000581),sz000581
北部湾港(000582),sz000582
哈工智能(000584),sz000584
*ST东电(000585),sz000585
汇源通信(000586),sz000586
*ST金洲(000587),sz000587
贵州轮胎(000589),sz000589
启迪药业(000590),sz000590
太阳能(000591),sz000591
平潭发展(000592),sz000592
大通燃气(000593),sz000593
宝塔实业(000595),sz000595
古井贡酒(000596),sz000596
东北制药(000597),sz000597
兴蓉环境(000598),sz000598
青岛双星(000599),sz000599
建投能源(000600),sz000600
韶能股份(000601),sz000601
盛达资源(000603),sz000603
渤海股份(000605),sz000605
ST顺利(000606),sz000606
华媒控股(000607),sz000607
阳光股份(000608),sz000608
*ST中迪(000609),sz000609
西安旅游(000610),sz000610
*ST天首(000611),sz000611
焦作万方(000612),sz000612
*ST东海A(000613),sz000613
奥园美谷(000615),sz000615
ST海投(000616),sz000616
中油资本(000617),sz000617
海螺型材(000619),sz000619
新华联(000620),sz000620
恒立实业(000622),sz000622
吉林敖东(000623),sz000623
长安汽车(000625),sz000625
远大控股(000626),sz000626
天茂集团(000627),sz000627
高新发展(000628),sz000628
攀钢钒钛(000629),sz000629
铜陵有色(000630),sz000630
顺发恒业(000631),sz000631
三木集团(000632),sz000632
合金投资(000633),sz000633
英力特(000635),sz000635
风华高科(000636),sz000636
茂化实华(000637),sz000637
*ST万方(000638),sz000638
西王食品(000639),sz000639
仁和药业(000650),sz000650
格力电器(000651),sz000651
泰达股份(000652),sz000652
金岭矿业(000655),sz000655
金科股份(000656),sz000656
中钨高新(000657),sz000657
珠海中富(000659),sz000659
长春高新(000661),sz000661
天夏退(000662),sz000662
*ST永林(000663),sz000663
湖北广电(000665),sz000665
经纬纺机(000666),sz000666
美好置业(000667),sz000667
荣丰控股(000668),sz000668
ST金鸿(000669),sz000669
*ST盈方(000670),sz000670
阳光城(000671),sz000671
上峰水泥(000672),sz000672
*ST当代(000673),sz000673
智度股份(000676),sz000676
恒天海龙(000677),sz000677
襄阳轴承(000678),sz000678
大连友谊(000679),sz000679
山推股份(000680),sz000680
视觉中国(000681),sz000681
东方电子(000682),sz000682
远兴能源(000683),sz000683
中山公用(000685),sz000685
东北证券(000686),sz000686
*ST华讯(000687),sz000687
国城矿业(000688),sz000688
宝新能源(000690),sz000690
亚太实业(000691),sz000691
惠天热电(000692),sz000692
华泽退(000693),sz000693
滨海能源(000695),sz000695
炼石航空(000697),sz000697
沈阳化工(000698),sz000698
模塑科技(000700),sz000700
厦门信达(000701),sz000701
正虹科技(000702),sz000702
恒逸石化(000703),sz000703
浙江震元(000705),sz000705
*ST双环(000707),sz000707
中信特钢(000708),sz000708
河钢股份(000709),sz000709
贝瑞基因(000710),sz000710
京蓝科技(000711),sz000711
锦龙股份(000712),sz000712
丰乐种业(000713),sz000713
中兴商业(000715),sz000715
黑芝麻(000716),sz000716
韶钢松山(000717),sz000717
苏宁环球(000718),sz000718
中原传媒(000719),sz000719
新能泰山(000720),sz000720
西安饮食(000721),sz000721
湖南发展(000722),sz000722
美锦能源(000723),sz000723
京东方A(000725),sz000725
鲁泰A(000726),sz000726
冠捷科技(000727),sz000727
国元证券(000728),sz000728
燕京啤酒(000729),sz000729
四川美丰(000731),sz000731
泰禾集团(000732),sz000732
振华科技(000733),sz000733
罗牛山(000735),sz000735
中交地产(000736),sz000736
南风化工(000737),sz000737
航发控制(000738),sz000738
普洛药业(000739),sz000739
长城信息(000748),sz000748
国海证券(000750),sz000750
锌业股份(000751),sz000751
*ST西发(000752),sz000752
漳州发展(000753),sz000753
山西路桥(000755),sz000755
新华制药(000756),sz000756
浩物股份(000757),sz000757
中色股份(000758),sz000758
中百集团(000759),sz000759
斯太退(000760),sz000760
本钢板材(000761),sz000761
西藏矿业(000762),sz000762
通化金马(000766),sz000766
晋控电力(000767),sz000767
中航西飞(000768),sz000768
广发证券(000776),sz000776
中核科技(000777),sz000777
新兴铸管(000778),sz000778
甘咨询(000779),sz000779
ST平能(000780),sz000780
美达股份(000782),sz000782
长江证券(000783),sz000783
居然之家(000785),sz000785
北新建材(000786),sz000786
北大医药(000788),sz000788
万年青(000789),sz000789
华神科技(000790),sz000790
甘肃电投(000791),sz000791
盐湖股份(000792),sz000792
华闻集团(000793),sz000793
英洛华(000795),sz000795
凯撒旅业(000796),sz000796
中国武夷(000797),sz000797
中水渔业(000798),sz000798
酒鬼酒(000799),sz000799
一汽解放(000800),sz000800
四川九洲(000801),sz000801
ST北文(000802),sz000802
北清环能(000803),sz000803
ST银河(000806),sz000806
云铝股份(000807),sz000807
铁岭新城(000809),sz000809
创维数字(000810),sz000810
冰轮环境(000811),sz000811
陕西金叶(000812),sz000812
德展健康(000813),sz000813
美利云(000815),sz000815
智慧农业(000816),sz000816
航锦科技(000818),sz000818
岳阳兴长(000819),sz000819
*ST节能(000820),sz000820
京山轻机(000821),sz000821
山东海化(000822),sz000822
超声电子(000823),sz000823
太钢不锈(000825),sz000825
启迪环境(000826),sz000826
东莞控股(000828),sz000828
天音控股(000829),sz000829
鲁西化工(000830),sz000830
五矿稀土(000831),sz000831
粤桂股份(000833),sz000833
*ST长动(000835),sz000835
富通信息(000836),sz000836
秦川机床(000837),sz000837
财信发展(000838),sz000838
中信国安(000839),sz000839
承德露露(000848),sz000848
华茂股份(000850),sz000850
高鸿股份(000851),sz000851
石化机械(000852),sz000852
冀东装备(000856),sz000856
五粮液(000858),sz000858
国风塑业(000859),sz000859
顺鑫农业(000860),sz000860
海印股份(000861),sz000861
银星能源(000862),sz000862
三湘印象(000863),sz000863
安凯客车(000868),sz000868
张裕A(000869),sz000869
吉电股份(000875),sz000875
新希望(000876),sz000876
天山股份(000877),sz000877
云南铜业(000878),sz000878
潍柴重机(000880),sz000880
中广核技(000881),sz000881
华联股份(000882),sz000882
湖北能源(000883),sz000883
城发环境(000885),sz000885
海南高速(000886),sz000886
中鼎股份(000887),sz000887
峨眉山A(000888),sz000888
中嘉博创(000889),sz000889
法尔胜(000890),sz000890
欢瑞世纪(000892),sz000892
亚钾国际(000893),sz000893
双汇发展(000895),sz000895
津滨发展(000897),sz000897
鞍钢股份(000898),sz000898
赣能股份(000899),sz000899
现代投资(000900),sz000900
航天科技(000901),sz000901
新洋丰(000902),sz000902
云内动力(000903),sz000903
厦门港务(000905),sz000905
浙商中拓(000906),sz000906
景峰医药(000908),sz000908
数源科技(000909),sz000909
大亚圣象(000910),sz000910
南宁糖业(000911),sz000911
泸天化(000912),sz000912
钱江摩托(000913),sz000913
华特达因(000915),sz000915
华北高速(000916),sz000916
电广传媒(000917),sz000917
嘉凯城(000918),sz000918
金陵药业(000919),sz000919
南方汇通(000920),sz000920
海信家电(000921),sz000921
佳电股份(000922),sz000922
河钢资源(000923),sz000923
众合科技(000925),sz000925
福星股份(000926),sz000926
中国铁物(000927),sz000927
中钢国际(000928),sz000928
兰州黄河(000929),sz000929
中粮科技(000930),sz000930
中关村(000931),sz000931
华菱钢铁(000932),sz000932
神火股份(000933),sz000933
四川双马(000935),sz000935
华西股份(000936),sz000936
冀中能源(000937),sz000937
紫光股份(000938),sz000938
凯迪退(000939),sz000939
南天信息(000948),sz000948
新乡化纤(000949),sz000949
重药控股(000950),sz000950
中国重汽(000951),sz000951
广济药业(000952),sz000952
河化股份(000953),sz000953
欣龙控股(000955),sz000955
中通客车(000957),sz000957
东方能源(000958),sz000958
首钢股份(000959),sz000959
锡业股份(000960),sz000960
中南建设(000961),sz000961
东方钽业(000962),sz000962
华东医药(000963),sz000963
天保基建(000965),sz000965
长源电力(000966),sz000966
盈峰环境(000967),sz000967
蓝焰控股(000968),sz000968
安泰科技(000969),sz000969
中科三环(000970),sz000970
ST高升(000971),sz000971
*ST中基(000972),sz000972
佛塑科技(000973),sz000973
银泰黄金(000975),sz000975
华铁股份(000976),sz000976
浪潮信息(000977),sz000977
桂林旅游(000978),sz000978
中弘退(000979),sz000979
*ST众泰(000980),sz000980
*ST银亿(000981),sz000981
中银绒业(000982),sz000982
山西焦煤(000983),sz000983
大庆华科(000985),sz000985
越秀金控(000987),sz000987
华工科技(000988),sz000988
九芝堂(000989),sz000989
诚志股份(000990),sz000990
闽东电力(000993),sz000993
皇台酒业(000995),sz000995
中国中期(000996),sz000996
新大陆(000997),sz000997
隆平高科(000998),sz000998
华润三九(000999),sz000999
新和成(002001),sz002001
鸿达兴业(002002),sz002002
伟星股份(002003),sz002003
华邦健康(002004),sz002004
ST德豪(002005),sz002005
精功科技(002006),sz002006
华兰生物(002007),sz002007
大族激光(002008),sz002008
天奇股份(002009),sz002009
传化智联(002010),sz002010
盾安环境(002011),sz002011
凯恩股份(002012),sz002012
中航机电(002013),sz002013
永新股份(002014),sz002014
协鑫能科(002015),sz002015
世荣兆业(002016),sz002016
东信和平(002017),sz002017
华信退(002018),sz002018
亿帆医药(002019),sz002019
京新药业(002020),sz002020
ST中捷(002021),sz002021
科华生物(002022),sz002022
海特高新(002023),sz002023
苏宁易购(002024),sz002024
航天电器(002025),sz002025
山东威达(002026),sz002026
分众传媒(002027),sz002027
思源电气(002028),sz002028
七匹狼(002029),sz002029
达安基因(002030),sz002030
巨轮智能(002031),sz002031
苏泊尔(002032),sz002032
丽江股份(002033),sz002033
旺能环境(002034),sz002034
华帝股份(002035),sz002035
联创电子(002036),sz002036
保利联合(002037),sz002037
双鹭药业(002038),sz002038
黔源电力(002039),sz002039
南京港(002040),sz002040
登海种业(002041),sz002041
华孚时尚(002042),sz002042
兔宝宝(002043),sz002043
美年健康(002044),sz002044
国光电器(002045),sz002045
国机精工(002046),sz002046
宝鹰股份(002047),sz002047
宁波华翔(002048),sz002048
紫光国微(002049),sz002049
三花智控(002050),sz002050
中工国际(002051),sz002051
ST同洲(002052),sz002052
云南能投(002053),sz002053
德美化工(002054),sz002054
得润电子(002055),sz002055
横店东磁(002056),sz002056
中钢天源(002057),sz002057
*ST威尔(002058),sz002058
云南旅游(002059),sz002059
粤水电(002060),sz002060
浙江交科(002061),sz002061
宏润建设(002062),sz002062
远光软件(002063),sz002063
华峰化学(002064),sz002064
东华软件(002065),sz002065
瑞泰科技(002066),sz002066
景兴纸业(002067),sz002067
黑猫股份(002068),sz002068
獐子岛(002069),sz002069
众和退(002070),sz002070
长城退(002071),sz002071
*ST凯瑞(002072),sz002072
软控股份(002073),sz002073
国轩高科(002074),sz002074
沙钢股份(002075),sz002075
ST雪莱(002076),sz002076
大港股份(002077),sz002077
太阳纸业(002078),sz002078
苏州固锝(002079),sz002079
中材科技(002080),sz002080
金螳螂(002081),sz002081
万邦德(002082),sz002082
孚日股份(002083),sz002083
海鸥住工(002084),sz002084
万丰奥威(002085),sz002085
*ST东洋(002086),sz002086
新野纺织(002087),sz002087
鲁阳节能(002088),sz002088
ST新海(002089),sz002089
金智科技(002090),sz002090
江苏国泰(002091),sz002091
中泰化学(002092),sz002092
国脉科技(002093),sz002093
青岛金王(002094),sz002094
生意宝(002095),sz002095
南岭民爆(002096),sz002096
山河智能(002097),sz002097
浔兴股份(002098),sz002098
海翔药业(002099),sz002099
天康生物(002100),sz002100
广东鸿图(002101),sz002101
ST冠福(002102),sz002102
广博股份(002103),sz002103
恒宝股份(002104),sz002104
信隆健康(002105),sz002105
莱宝高科(002106),sz002106
沃华医药(002107),sz002107
沧州明珠(002108),sz002108
兴化股份(002109),sz002109
三钢闽光(002110),sz002110
威海广泰(002111),sz002111
三变科技(002112),sz002112
ST天润(002113),sz002113
罗平锌电(002114),sz002114
三维通信(002115),sz002115
中国海诚(002116),sz002116
东港股份(002117),sz002117
紫鑫药业(002118),sz002118
康强电子(002119),sz002119
韵达股份(002120),sz002120
科陆电子(002121),sz002121
ST天马(002122),sz002122
梦网科技(002123),sz002123
天邦股份(002124),sz002124
湘潭电化(002125),sz002125
银轮股份(002126),sz002126
南极电商(002127),sz002127
露天煤业(002128),sz002128
中环股份(002129),sz002129
沃尔核材(002130),sz002130
利欧股份(002131),sz002131
恒星科技(002132),sz002132
广宇集团(002133),sz002133
天津普林(002134),sz002134
东南网架(002135),sz002135
安纳达(002136),sz002136
实益达(002137),sz002137
顺络电子(002138),sz002138
拓邦股份(002139),sz002139
东华科技(002140),sz002140
贤丰控股(002141),sz002141
宁波银行(002142),sz002142
印纪退(002143),sz002143
宏达高科(002144),sz002144
中核钛白(002145),sz002145
荣盛发展(002146),sz002146
*ST新光(002147),sz002147
北纬科技(002148),sz002148
西部材料(002149),sz002149
通润装备(002150),sz002150
北斗星通(002151),sz002151
广电运通(002152),sz002152
石基信息(002153),sz002153
报喜鸟(002154),sz002154
湖南黄金(002155),sz002155
通富微电(002156),sz002156
正邦科技(002157),sz002157
汉钟精机(002158),sz002158
三特索道(002159),sz002159
常铝股份(002160),sz002160
远望谷(002161),sz002161
悦心健康(002162),sz002162
海南发展(002163),sz002163
宁波东力(002164),sz002164
红宝丽(002165),sz002165
莱茵生物(002166),sz002166
东方锆业(002167),sz002167
惠程科技(002168),sz002168
智光电气(002169),sz002169
芭田股份(002170),sz002170
楚江新材(002171),sz002171
澳洋健康(002172),sz002172
创新医疗(002173),sz002173
游族网络(002174),sz002174
*ST东网(002175),sz002175
江特电机(002176),sz002176
御银股份(002177),sz002177
延华智能(002178),sz002178
中航光电(002179),sz002179
纳思达(002180),sz002180
粤传媒(002181),sz002181
云海金属(002182),sz002182
怡亚通(002183),sz002183
海得控制(002184),sz002184
华天科技(002185),sz002185
全聚德(002186),sz002186
广百股份(002187),sz002187
*ST巴士(002188),sz002188
中光学(002189),sz002189
成飞集成(002190),sz002190
劲嘉股份(002191),sz002191
融捷股份(002192),sz002192
如意集团(002193),sz002193
武汉凡谷(002194),sz002194
二三四五(002195),sz002195
方正电机(002196),sz002196
证通电子(002197),sz002197
嘉应制药(002198),sz002198
东晶电子(002199),sz002199
ST云投(002200),sz002200
九鼎新材(002201),sz002201
金风科技(002202),sz002202
海亮股份(002203),sz002203
大连重工(002204),sz002204
国统股份(002205),sz002205
海利得(002206),sz002206
准油股份(002207),sz002207
合肥城建(002208),sz002208
达意隆(002209),sz002209
*ST飞马(002210),sz002210
宏达新材(002211),sz002211
天融信(002212),sz002212
大为股份(002213),sz002213
大立科技(002214),sz002214
诺普信(002215),sz002215
三全食品(002216),sz002216
合力泰(002217),sz002217
拓日新能(002218),sz002218
*ST恒康(002219),sz002219
天宝退(002220),sz002220
东华能源(002221),sz002221
福晶科技(002222),sz002222
鱼跃医疗(002223),sz002223
三力士(002224),sz002224
濮耐股份(002225),sz002225
江南化工(002226),sz002226
奥特迅(002227),sz002227
合兴包装(002228),sz002228
鸿博股份(002229),sz002229
科大讯飞(002230),sz002230
奥维通信(002231),sz002231
启明信息(002232),sz002232
塔牌集团(002233),sz002233
民和股份(002234),sz002234
安妮股份(002235),sz002235
大华股份(002236),sz002236
恒邦股份(002237),sz002237
天威视讯(002238),sz002238
奥特佳(002239),sz002239
盛新锂能(002240),sz002240
歌尔股份(002241),sz002241
九阳股份(002242),sz002242
力合科创(002243),sz002243
滨江集团(002244),sz002244
蔚蓝锂芯(002245),sz002245
北化股份(002246),sz002246
聚力文化(002247),sz002247
华东数控(002248),sz002248
大洋电机(002249),sz002249
联化科技(002250),sz002250
步步高(002251),sz002251
上海莱士(002252),sz002252
川大智胜(002253),sz002253
泰和新材(002254),sz002254
海陆重工(002255),sz002255
兆新股份(002256),sz002256
利尔化学(002258),sz002258
*ST升达(002259),sz002259
*ST德奥(002260),sz002260
拓维信息(002261),sz002261
恩华药业(002262),sz002262
大东南(002263),sz002263
新华都(002264),sz002264
西仪股份(002265),sz002265
浙富控股(002266),sz002266
陕天然气(002267),sz002267
卫士通(002268),sz002268
美邦服饰(002269),sz002269
华明装备(002270),sz002270
东方雨虹(002271),sz002271
川润股份(002272),sz002272
水晶光电(002273),sz002273
华昌化工(002274),sz002274
桂林三金(002275),sz002275
万马股份(002276),sz002276
友阿股份(002277),sz002277
神开股份(002278),sz002278
久其软件(002279),sz002279
联络互动(002280),sz002280
光迅科技(002281),sz002281
博深股份(002282),sz002282
天润工业(002283),sz002283
亚太股份(002284),sz002284
世联行(002285),sz002285
保龄宝(002286),sz002286
奇正藏药(002287),sz002287
超华科技(002288),sz002288
宇顺电子(002289),sz002289
禾盛新材(002290),sz002290
星期六(002291),sz002291
奥飞娱乐(002292),sz002292
罗莱生活(002293),sz002293
信立泰(002294),sz002294
精艺股份(002295),sz002295
辉煌科技(002296),sz002296
博云新材(002297),sz002297
中电兴发(002298),sz002298
圣农发展(002299),sz002299
太阳电缆(002300),sz002300
齐心集团(002301),sz002301
西部建设(002302),sz002302
美盈森(002303),sz002303
洋河股份(002304),sz002304
南国置业(002305),sz002305
中科云网(002306),sz002306
北新路桥(002307),sz002307
威创股份(002308),sz002308
中利集团(002309),sz002309
东方园林(002310),sz002310
海大集团(002311),sz002311
川发龙蟒(002312),sz002312
日海智能(002313),sz002313
南山控股(002314),sz002314
焦点科技(002315),sz002315
亚联发展(002316),sz002316
众生药业(002317),sz002317
久立特材(002318),sz002318
乐通股份(002319),sz002319
海峡股份(002320),sz002320
*ST华英(002321),sz002321
理工环科(002322),sz002322
*ST雅博(002323),sz002323
普利特(002324),sz002324
洪涛股份(002325),sz002325
永太科技(002326),sz002326
富安娜(002327),sz002327
新朋股份(002328),sz002328
皇氏集团(002329),sz002329
得利斯(002330),sz002330
皖通科技(002331),sz002331
仙琚制药(002332),sz002332
罗普斯金(002333),sz002333
英威腾(002334),sz002334
科华数据(002335),sz002335
人人乐(002336),sz002336
赛象科技(002337),sz002337
奥普光电(002338),sz002338
积成电子(002339),sz002339
格林美(002340),sz002340
新纶科技(002341),sz002341
巨力索具(002342),sz002342
慈文传媒(002343),sz002343
海宁皮城(002344),sz002344
潮宏基(002345),sz002345
柘中股份(002346),sz002346
泰尔股份(002347),sz002347
高乐股份(002348),sz002348
精华制药(002349),sz002349
北京科锐(002350),sz002350
漫步者(002351),sz002351
顺丰控股(002352),sz002352
杰瑞股份(002353),sz002353
天神娱乐(002354),sz002354
兴民智通(002355),sz002355
*ST赫美(002356),sz002356
富临运业(002357),sz002357
ST森源(002358),sz002358
北讯退(002359),sz002359
同德化工(002360),sz002360
神剑股份(002361),sz002361
汉王科技(002362),sz002362
隆基机械(002363),sz002363
中恒电气(002364),sz002364
永安药业(002365),sz002365
台海核电(002366),sz002366
康力电梯(002367),sz002367
太极股份(002368),sz002368
卓翼科技(002369),sz002369
亚太药业(002370),sz002370
北方华创(002371),sz002371
伟星新材(002372),sz002372
千方科技(002373),sz002373
中锐股份(002374),sz002374
亚厦股份(002375),sz002375
新北洋(002376),sz002376
国创高新(002377),sz002377
章源钨业(002378),sz002378
宏创控股(002379),sz002379
科远智慧(002380),sz002380
双箭股份(002381),sz002381
蓝帆医疗(002382),sz002382
合众思壮(002383),sz002383
东山精密(002384),sz002384
大北农(002385),sz002385
天原股份(002386),sz002386
维信诺(002387),sz002387
新亚制程(002388),sz002388
航天彩虹(002389),sz002389
信邦制药(002390),sz002390
长青股份(002391),sz002391
北京利尔(002392),sz002392
力生制药(002393),sz002393
联发股份(002394),sz002394
双象股份(002395),sz002395
星网锐捷(002396),sz002396
梦洁股份(002397),sz002397
垒知集团(002398),sz002398
海普瑞(002399),sz002399
省广集团(002400),sz002400
中远海科(002401),sz002401
和而泰(002402),sz002402
爱仕达(002403),sz002403
嘉欣丝绸(002404),sz002404
四维图新(002405),sz002405
远东传动(002406),sz002406
多氟多(002407),sz002407
齐翔腾达(002408),sz002408
雅克科技(002409),sz002409
广联达(002410),sz002410
延安必康(002411),sz002411
汉森制药(002412),sz002412
雷科防务(002413),sz002413
高德红外(002414),sz002414
海康威视(002415),sz002415
爱施德(002416),sz002416
深南股份(002417),sz002417
康盛股份(002418),sz002418
天虹股份(002419),sz002419
毅昌股份(002420),sz002420
达实智能(002421),sz002421
科伦药业(002422),sz002422
中粮资本(002423),sz002423
贵州百灵(002424),sz002424
凯撒文化(002425),sz002425
胜利精密(002426),sz002426
ST尤夫(002427),sz002427
云南锗业(002428),sz002428
兆驰股份(002429),sz002429
杭氧股份(002430),sz002430
棕榈股份(002431),sz002431
九安医疗(002432),sz002432
太安堂(002433),sz002433
万里扬(002434),sz002434
长江健康(002435),sz002435
兴森科技(002436),sz002436
誉衡药业(002437),sz002437
江苏神通(002438),sz002438
启明星辰(002439),sz002439
闰土股份(002440),sz002440
众业达(002441),sz002441
龙星化工(002442),sz002442
金洲管道(002443),sz002443
巨星科技(002444),sz002444
中南文化(002445),sz002445
盛路通信(002446),sz002446
*ST晨鑫(002447),sz002447
中原内配(002448),sz002448
国星光电(002449),sz002449
康得退(002450),sz002450
摩恩电气(002451),sz002451
长高集团(002452),sz002452
华软科技(002453),sz002453
松芝股份(002454),sz002454
百川股份(002455),sz002455
欧菲光(002456),sz002456
青龙管业(002457),sz002457
益生股份(002458),sz002458
晶澳科技(002459),sz002459
赣锋锂业(002460),sz002460
珠江啤酒(002461),sz002461
嘉事堂(002462),sz002462
沪电股份(002463),sz002463
*ST众应(002464),sz002464
海格通信(002465),sz002465
天齐锂业(002466),sz002466
二六三(002467),sz002467
申通快递(002468),sz002468
三维化学(002469),sz002469
*ST金正(002470),sz002470
中超控股(002471),sz002471
双环传动(002472),sz002472
*ST圣莱(002473),sz002473
榕基软件(002474),sz002474
立讯精密(002475),sz002475
宝莫股份(002476),sz002476
雏鹰退(002477),sz002477
常宝股份(002478),sz002478
富春环保(002479),sz002479
新筑股份(002480),sz002480
双塔食品(002481),sz002481
广田集团(002482),sz002482
润邦股份(002483),sz002483
江海股份(002484),sz002484
雪松发展(002485),sz002485
嘉麟杰(002486),sz002486
大金重工(002487),sz002487
金固股份(002488),sz002488
浙江永强(002489),sz002489
山东墨龙(002490),sz002490
通鼎互联(002491),sz002491
恒基达鑫(002492),sz002492
荣盛石化(002493),sz002493
华斯股份(002494),sz002494
佳隆股份(002495),sz002495
ST辉丰(002496),sz002496
雅化集团(002497),sz002497
汉缆股份(002498),sz002498
*ST科林(002499),sz002499
山西证券(002500),sz002500
*ST利源(002501),sz002501
鼎龙文化(002502),sz002502
搜于特(002503),sz002503
ST弘高(002504),sz002504
鹏都农牧(002505),sz002505
协鑫集成(002506),sz002506
涪陵榨菜(002507),sz002507
老板电器(002508),sz002508
天茂退(002509),sz002509
天汽模(002510),sz002510
中顺洁柔(002511),sz002511
达华智能(002512),sz002512
蓝丰生化(002513),sz002513
宝馨科技(002514),sz002514
金字火腿(002515),sz002515
旷达科技(002516),sz002516
恺英网络(002517),sz002517
科士达(002518),sz002518
银河电子(002519),sz002519
日发精机(002520),sz002520
齐峰新材(002521),sz002521
浙江众成(002522),sz002522
天桥起重(002523),sz002523
光正眼科(002524),sz002524
山东矿机(002526),sz002526
新时达(002527),sz002527
英飞拓(002528),sz002528
海源复材(002529),sz002529
金财互联(002530),sz002530
天顺风能(002531),sz002531
天山铝业(002532),sz002532
金杯电工(002533),sz002533
杭锅股份(002534),sz002534
ST林重(002535),sz002535
飞龙股份(002536),sz002536
海联金汇(002537),sz002537
司尔特(002538),sz002538
云图控股(002539),sz002539
亚太科技(002540),sz002540
鸿路钢构(002541),sz002541
中化岩土(002542),sz002542
万和电气(002543),sz002543
杰赛科技(002544),sz002544
东方铁塔(002545),sz002545
新联电子(002546),sz002546
春兴精工(002547),sz002547
金新农(002548),sz002548
凯美特气(002549),sz002549
千红制药(002550),sz002550
尚荣医疗(002551),sz002551
宝鼎科技(002552),sz002552
南方轴承(002553),sz002553
惠博普(002554),sz002554
三七互娱(002555),sz002555
辉隆股份(002556),sz002556
洽洽食品(002557),sz002557
巨人网络(002558),sz002558
亚威股份(002559),sz002559
通达股份(002560),sz002560
徐家汇(002561),sz002561
兄弟科技(002562),sz002562
森马服饰(002563),sz002563
天沃科技(002564),sz002564
顺灏股份(002565),sz002565
益盛药业(002566),sz002566
唐人神(002567),sz002567
百润股份(002568),sz002568
ST步森(002569),sz002569
贝因美(002570),sz002570
德力股份(002571),sz002571
索菲亚(002572),sz002572
清新环境(002573),sz002573
明牌珠宝(002574),sz002574
*ST群兴(002575),sz002575
通达动力(002576),sz002576
雷柏科技(002577),sz002577
闽发铝业(002578),sz002578
中京电子(002579),sz002579
圣阳股份(002580),sz002580
未名医药(002581),sz002581
好想你(002582),sz002582
海能达(002583),sz002583
西陇科学(002584),sz002584
双星新材(002585),sz002585
*ST围海(002586),sz002586
奥拓电子(002587),sz002587
史丹利(002588),sz002588
瑞康医药(002589),sz002589
万安科技(002590),sz002590
恒大高新(002591),sz002591
ST八菱(002592),sz002592
日上集团(002593),sz002593
比亚迪(002594),sz002594
豪迈科技(002595),sz002595
海南瑞泽(002596),sz002596
金禾实业(002597),sz002597
山东章鼓(002598),sz002598
盛通股份(002599),sz002599
领益智造(002600),sz002600
龙佰集团(002601),sz002601
世纪华通(002602),sz002602
以岭药业(002603),sz002603
龙力退(002604),sz002604
姚记科技(002605),sz002605
大连电瓷(002606),sz002606
中公教育(002607),sz002607
江苏国信(002608),sz002608
捷顺科技(002609),sz002609
爱康科技(002610),sz002610
东方精工(002611),sz002611
朗姿股份(002612),sz002612
北玻股份(002613),sz002613
奥佳华(002614),sz002614
哈尔斯(002615),sz002615
长青集团(002616),sz002616
露笑科技(002617),sz002617
*ST丹邦(002618),sz002618
*ST艾格(002619),sz002619
瑞和股份(002620),sz002620
美吉姆(002621),sz002621
融钰集团(002622),sz002622
亚玛顿(002623),sz002623
完美世界(002624),sz002624
光启技术(002625),sz002625
金达威(002626),sz002626
三峡旅游(002627),sz002627
成都路桥(002628),sz002628
ST仁智(002629),sz002629
华西能源(002630),sz002630
德尔未来(002631),sz002631
道明光学(002632),sz002632
申科股份(002633),sz002633
棒杰股份(002634),sz002634
安洁科技(002635),sz002635
金安国纪(002636),sz002636
赞宇科技(002637),sz002637
勤上股份(002638),sz002638
雪人股份(002639),sz002639
*ST跨境(002640),sz002640
永高股份(002641),sz002641
荣联科技(002642),sz002642
万润股份(002643),sz002643
佛慈制药(002644),sz002644
华宏科技(002645),sz002645
青青稞酒(002646),sz002646
仁东控股(002647),sz002647
卫星石化(002648),sz002648
博彦科技(002649),sz002649
加加食品(002650),sz002650
利君股份(002651),sz002651
扬子新材(002652),sz002652
海思科(002653),sz002653
万润科技(002654),sz002654
共达电声(002655),sz002655
ST摩登(002656),sz002656
中科金财(002657),sz002657
雪迪龙(002658),sz002658
凯文教育(002659),sz002659
茂硕电源(002660),sz002660
克明食品(002661),sz002661
京威股份(002662),sz002662
普邦股份(002663),sz002663
长鹰信质(002664),sz002664
首航高科(002665),sz002665
德联集团(002666),sz002666
鞍重股份(002667),sz002667
奥马电器(002668),sz002668
康达新材(002669),sz002669
国盛金控(002670),sz002670
龙泉股份(002671),sz002671
东江环保(002672),sz002672
西部证券(002673),sz002673
兴业科技(002674),sz002674
东诚药业(002675),sz002675
顺威股份(002676),sz002676
浙江美大(002677),sz002677
珠江钢琴(002678),sz002678
福建金森(002679),sz002679
长生退(002680),sz002680
奋达科技(002681),sz002681
龙洲股份(002682),sz002682
宏大爆破(002683),sz002683
*ST猛狮(002684),sz002684
华东重机(002685),sz002685
亿利达(002686),sz002686
乔治白(002687),sz002687
金河生物(002688),sz002688
远大智能(002689),sz002689
美亚光电(002690),sz002690
冀凯股份(002691),sz002691
ST远程(002692),sz002692
双成药业(002693),sz002693
顾地科技(002694),sz002694
煌上煌(002695),sz002695
百洋股份(002696),sz002696
红旗连锁(002697),sz002697
博实股份(002698),sz002698
美盛文化(002699),sz002699
ST浩源(002700),sz002700
奥瑞金(002701),sz002701
海欣食品(002702),sz002702
浙江世宝(002703),sz002703
新宝股份(002705),sz002705
良信股份(002706),sz002706
众信旅游(002707),sz002707
光洋股份(002708),sz002708
天赐材料(002709),sz002709
欧浦退(002711),sz002711
思美传媒(002712),sz002712
东易日盛(002713),sz002713
牧原股份(002714),sz002714
登云股份(002715),sz002715
金贵银业(002716),sz002716
岭南股份(002717),sz002717
友邦吊顶(002718),sz002718
*ST麦趣(002719),sz002719
金一文化(002721),sz002721
金轮股份(002722),sz002722
金莱特(002723),sz002723
海洋王(002724),sz002724
跃岭股份(002725),sz002725
龙大肉食(002726),sz002726
一心堂(002727),sz002727
特一药业(002728),sz002728
好利来(002729),sz002729
电光科技(002730),sz002730
萃华珠宝(002731),sz002731
燕塘乳业(002732),sz002732
雄韬股份(002733),sz002733
利民股份(002734),sz002734
王子新材(002735),sz002735
国信证券(002736),sz002736
葵花药业(002737),sz002737
中矿资源(002738),sz002738
万达电影(002739),sz002739
爱迪尔(002740),sz002740
光华科技(002741),sz002741
三圣股份(002742),sz002742
富煌钢构(002743),sz002743
木林森(002745),sz002745
仙坛股份(002746),sz002746
埃斯顿(002747),sz002747
世龙实业(002748),sz002748
国光股份(002749),sz002749
龙津药业(002750),sz002750
易尚展示(002751),sz002751
�N兴股份(002752),sz002752
永东股份(002753),sz002753
奥赛康(002755),sz002755
永兴材料(002756),sz002756
南兴股份(002757),sz002757
浙农股份(002758),sz002758
天际股份(002759),sz002759
凤形股份(002760),sz002760
浙江建投(002761),sz002761
金发拉比(002762),sz002762
汇洁股份(002763),sz002763
蓝黛科技(002765),sz002765
*ST索菱(002766),sz002766
先锋电子(002767),sz002767
国恩股份(002768),sz002768
普路通(002769),sz002769
*ST科迪(002770),sz002770
真视通(002771),sz002771
众兴菌业(002772),sz002772
康弘药业(002773),sz002773
快意电梯(002774),sz002774
文科园林(002775),sz002775
ST柏龙(002776),sz002776
久远银海(002777),sz002777
中晟高科(002778),sz002778
中坚科技(002779),sz002779
三夫户外(002780),sz002780
奇信股份(002781),sz002781
可立克(002782),sz002782
凯龙股份(002783),sz002783
万里石(002785),sz002785
银宝山新(002786),sz002786
华源控股(002787),sz002787
鹭燕医药(002788),sz002788
建艺集团(002789),sz002789
瑞尔特(002790),sz002790
坚朗五金(002791),sz002791
通宇通讯(002792),sz002792
罗欣药业(002793),sz002793
永和智控(002795),sz002795
世嘉科技(002796),sz002796
第一创业(002797),sz002797
帝欧家居(002798),sz002798
环球印务(002799),sz002799
天顺股份(002800),sz002800
微光股份(002801),sz002801
洪汇新材(002802),sz002802
吉宏股份(002803),sz002803
丰元股份(002805),sz002805
华锋股份(002806),sz002806
江阴银行(002807),sz002807
恒久科技(002808),sz002808
红墙股份(002809),sz002809
山东赫达(002810),sz002810
郑中设计(002811),sz002811
恩捷股份(002812),sz002812
路畅科技(002813),sz002813
崇达技术(002815),sz002815
和科达(002816),sz002816
黄山胶囊(002817),sz002817
富森美(002818),sz002818
东方中科(002819),sz002819
桂发祥(002820),sz002820
凯莱英(002821),sz002821
中装建设(002822),sz002822
凯中精密(002823),sz002823
和胜股份(002824),sz002824
纳尔股份(002825),sz002825
易明医药(002826),sz002826
高争民爆(002827),sz002827
贝肯能源(002828),sz002828
星网宇达(002829),sz002829
名雕股份(002830),sz002830
裕同科技(002831),sz002831
比音勒芬(002832),sz002832
弘亚数控(002833),sz002833
同为股份(002835),sz002835
新宏泽(002836),sz002836
英维克(002837),sz002837
道恩股份(002838),sz002838
张家港行(002839),sz002839
华统股份(002840),sz002840
视源股份(002841),sz002841
翔鹭钨业(002842),sz002842
泰嘉股份(002843),sz002843
同兴达(002845),sz002845
英联股份(002846),sz002846
盐津铺子(002847),sz002847
高斯贝尔(002848),sz002848
威星智能(002849),sz002849
科达利(002850),sz002850
麦格米特(002851),sz002851
道道全(002852),sz002852
皮阿诺(002853),sz002853
捷荣技术(002855),sz002855
美芝股份(002856),sz002856
三晖电气(002857),sz002857
力盛赛车(002858),sz002858
洁美科技(002859),sz002859
星帅尔(002860),sz002860
瀛通通讯(002861),sz002861
实丰文化(002862),sz002862
今飞凯达(002863),sz002863
盘龙药业(002864),sz002864
钧达股份(002865),sz002865
传艺科技(002866),sz002866
周大生(002867),sz002867
绿康生化(002868),sz002868
金溢科技(002869),sz002869
香山股份(002870),sz002870
伟隆股份(002871),sz002871
ST天圣(002872),sz002872
新天药业(002873),sz002873
安奈儿(002875),sz002875
三利谱(002876),sz002876
智能自控(002877),sz002877
元隆雅图(002878),sz002878
长缆科技(002879),sz002879
卫光生物(002880),sz002880
美格智能(002881),sz002881
金龙羽(002882),sz002882
中设股份(002883),sz002883
凌霄泵业(002884),sz002884
京泉华(002885),sz002885
沃特股份(002886),sz002886
绿茵生态(002887),sz002887
惠威科技(002888),sz002888
东方嘉盛(002889),sz002889
弘宇股份(002890),sz002890
中宠股份(002891),sz002891
科力尔(002892),sz002892
华通热力(002893),sz002893
川恒股份(002895),sz002895
中大力德(002896),sz002896
意华股份(002897),sz002897
赛隆药业(002898),sz002898
英派斯(002899),sz002899
哈三联(002900),sz002900
大博医疗(002901),sz002901
铭普光磁(002902),sz002902
宇环数控(002903),sz002903
金逸影视(002905),sz002905
华阳集团(002906),sz002906
华森制药(002907),sz002907
德生科技(002908),sz002908
集泰股份(002909),sz002909
庄园牧场(002910),sz002910
佛燃能源(002911),sz002911
中新赛克(002912),sz002912
奥士康(002913),sz002913
中欣氟材(002915),sz002915
深南电路(002916),sz002916
金奥博(002917),sz002917
蒙娜丽莎(002918),sz002918
名臣健康(002919),sz002919
德赛西威(002920),sz002920
联诚精密(002921),sz002921
伊戈尔(002922),sz002922
润都股份(002923),sz002923
盈趣科技(002925),sz002925
华西证券(002926),sz002926
泰永长征(002927),sz002927
华夏航空(002928),sz002928
润建股份(002929),sz002929
宏川智慧(002930),sz002930
锋龙股份(002931),sz002931
明德生物(002932),sz002932
新兴装备(002933),sz002933
天奥电子(002935),sz002935
郑州银行(002936),sz002936
兴瑞科技(002937),sz002937
鹏鼎控股(002938),sz002938
长城证券(002939),sz002939
昂利康(002940),sz002940
新疆交建(002941),sz002941
新农股份(002942),sz002942
宇晶股份(002943),sz002943
华林证券(002945),sz002945
新乳业(002946),sz002946
恒铭达(002947),sz002947
青岛银行(002948),sz002948
华阳国际(002949),sz002949
奥美医疗(002950),sz002950
金时科技(002951),sz002951
亚世光电(002952),sz002952
日丰股份(002953),sz002953
鸿合科技(002955),sz002955
西麦食品(002956),sz002956
科瑞技术(002957),sz002957
青农商行(002958),sz002958
小熊电器(002959),sz002959
青鸟消防(002960),sz002960
瑞达期货(002961),sz002961
五方光电(002962),sz002962
豪尔赛(002963),sz002963
祥鑫科技(002965),sz002965
苏州银行(002966),sz002966
广电计量(002967),sz002967
新大正(002968),sz002968
嘉美包装(002969),sz002969
锐明技术(002970),sz002970
和远气体(002971),sz002971
科安达(002972),sz002972
侨银股份(002973),sz002973
博杰股份(002975),sz002975
瑞玛工业(002976),sz002976
天箭科技(002977),sz002977
安宁股份(002978),sz002978
雷赛智能(002979),sz002979
华盛昌(002980),sz002980
朝阳科技(002981),sz002981
湘佳股份(002982),sz002982
芯瑞达(002983),sz002983
森麒麟(002984),sz002984
北摩高科(002985),sz002985
宇新股份(002986),sz002986
京北方(002987),sz002987
豪美新材(002988),sz002988
中天精装(002989),sz002989
盛视科技(002990),sz002990
甘源食品(002991),sz002991
宝明科技(002992),sz002992
奥海科技(002993),sz002993
天地在线(002995),sz002995
顺博合金(002996),sz002996
瑞鹄模具(002997),sz002997
优彩资源(002998),sz002998
天禾股份(002999),sz002999
特锐德(300001),sz300001
神州泰岳(300002),sz300002
乐普医疗(300003),sz300003
南风股份(300004),sz300004
探路者(300005),sz300005
莱美药业(300006),sz300006
汉威科技(300007),sz300007
天海防务(300008),sz300008
安科生物(300009),sz300009
豆神教育(300010),sz300010
鼎汉技术(300011),sz300011
华测检测(300012),sz300012
新宁物流(300013),sz300013
亿纬锂能(300014),sz300014
爱尔眼科(300015),sz300015
北陆药业(300016),sz300016
网宿科技(300017),sz300017
中元股份(300018),sz300018
硅宝科技(300019),sz300019
银江股份(300020),sz300020
大禹节水(300021),sz300021
吉峰科技(300022),sz300022
*ST宝德(300023),sz300023
机器人(300024),sz300024
华星创业(300025),sz300025
红日药业(300026),sz300026
华谊兄弟(300027),sz300027
金亚退(300028),sz300028
*ST天龙(300029),sz300029
阳普医疗(300030),sz300030
宝通科技(300031),sz300031
金龙机电(300032),sz300032
同花顺(300033),sz300033
钢研高纳(300034),sz300034
中科电气(300035),sz300035
超图软件(300036),sz300036
新宙邦(300037),sz300037
*ST数知(300038),sz300038
上海凯宝(300039),sz300039
九洲集团(300040),sz300040
回天新材(300041),sz300041
朗科科技(300042),sz300042
星辉娱乐(300043),sz300043
*ST赛为(300044),sz300044
华力创通(300045),sz300045
台基股份(300046),sz300046
天源迪科(300047),sz300047
合康新能(300048),sz300048
福瑞股份(300049),sz300049
世纪鼎利(300050),sz300050
ST三五(300051),sz300051
中青宝(300052),sz300052
欧比特(300053),sz300053
鼎龙股份(300054),sz300054
万邦达(300055),sz300055
中创环保(300056),sz300056
万顺新材(300057),sz300057
蓝色光标(300058),sz300058
东方财富(300059),sz300059
旗天科技(300061),sz300061
中能电气(300062),sz300062
天龙集团(300063),sz300063
*ST金刚(300064),sz300064
海兰信(300065),sz300065
三川智慧(300066),sz300066
安诺其(300067),sz300067
南都电源(300068),sz300068
金利华电(300069),sz300069
碧水源(300070),sz300070
*ST嘉信(300071),sz300071
三聚环保(300072),sz300072
当升科技(300073),sz300073
华平股份(300074),sz300074
数字政通(300075),sz300075
GQY视讯(300076),sz300076
国民技术(300077),sz300077
思创医惠(300078),sz300078
数码视讯(300079),sz300079
易成新能(300080),sz300080
恒信东方(300081),sz300081
奥克股份(300082),sz300082
创世纪(300083),sz300083
海默科技(300084),sz300084
银之杰(300085),sz300085
康芝药业(300086),sz300086
荃银高科(300087),sz300087
长信科技(300088),sz300088
文化长城(300089),sz300089
盛运退(300090),sz300090
金通灵(300091),sz300091
科新机电(300092),sz300092
金刚玻璃(300093),sz300093
国联水产(300094),sz300094
华伍股份(300095),sz300095
易联众(300096),sz300096
智云股份(300097),sz300097
高新兴(300098),sz300098
精准信息(300099),sz300099
双林股份(300100),sz300100
振芯科技(300101),sz300101
乾照光电(300102),sz300102
达刚控股(300103),sz300103
乐视退(300104),sz300104
龙源技术(300105),sz300105
西部牧业(300106),sz300106
建新股份(300107),sz300107
吉药控股(300108),sz300108
新开源(300109),sz300109
华仁药业(300110),sz300110
向日葵(300111),sz300111
万讯自控(300112),sz300112
顺网科技(300113),sz300113
中航电测(300114),sz300114
长盈精密(300115),sz300115
保力新(300116),sz300116
嘉寓股份(300117),sz300117
东方日升(300118),sz300118
瑞普生物(300119),sz300119
经纬辉开(300120),sz300120
阳谷华泰(300121),sz300121
智飞生物(300122),sz300122
亚光科技(300123),sz300123
汇川技术(300124),sz300124
聆达股份(300125),sz300125
锐奇股份(300126),sz300126
银河磁体(300127),sz300127
锦富技术(300128),sz300128
泰胜风能(300129),sz300129
新国都(300130),sz300130
英唐智控(300131),sz300131
青松股份(300132),sz300132
华策影视(300133),sz300133
大富科技(300134),sz300134
宝利国际(300135),sz300135
信维通信(300136),sz300136
先河环保(300137),sz300137
晨光生物(300138),sz300138
晓程科技(300139),sz300139
中环装备(300140),sz300140
和顺电气(300141),sz300141
沃森生物(300142),sz300142
盈康生命(300143),sz300143
宋城演艺(300144),sz300144
中金环境(300145),sz300145
汤臣倍健(300146),sz300146
香雪制药(300147),sz300147
天舟文化(300148),sz300148
睿智医药(300149),sz300149
世纪瑞尔(300150),sz300150
昌红科技(300151),sz300151
科融环境(300152),sz300152
科泰电源(300153),sz300153
瑞凌股份(300154),sz300154
安居宝(300155),sz300155
神雾退(300156),sz300156
恒泰艾普(300157),sz300157
振东制药(300158),sz300158
新研股份(300159),sz300159
秀强股份(300160),sz300160
华中数控(300161),sz300161
雷曼光电(300162),sz300162
先锋新材(300163),sz300163
通源石油(300164),sz300164
天瑞仪器(300165),sz300165
东方国信(300166),sz300166
迪威迅(300167),sz300167
万达信息(300168),sz300168
天晟新材(300169),sz300169
汉得信息(300170),sz300170
东富龙(300171),sz300171
中电环保(300172),sz300172
福能东方(300173),sz300173
元力股份(300174),sz300174
朗源股份(300175),sz300175
派生科技(300176),sz300176
中海达(300177),sz300177
*ST腾邦(300178),sz300178
四方达(300179),sz300179
华峰超纤(300180),sz300180
佐力药业(300181),sz300181
捷成股份(300182),sz300182
东软载波(300183),sz300183
力源信息(300184),sz300184
通裕重工(300185),sz300185
永清环保(300187),sz300187
美亚柏科(300188),sz300188
神农科技(300189),sz300189
维尔利(300190),sz300190
潜能恒信(300191),sz300191
科德教育(300192),sz300192
佳士科技(300193),sz300193
福安药业(300194),sz300194
长荣股份(300195),sz300195
长海股份(300196),sz300196
节能铁汉(300197),sz300197
纳川股份(300198),sz300198
翰宇药业(300199),sz300199
高盟新材(300200),sz300200
海伦哲(300201),sz300201
*ST聚龙(300202),sz300202
聚光科技(300203),sz300203
舒泰神(300204),sz300204
天喻信息(300205),sz300205
理邦仪器(300206),sz300206
欣旺达(300207),sz300207
青岛中程(300208),sz300208
天泽信息(300209),sz300209
森远股份(300210),sz300210
亿通科技(300211),sz300211
易华录(300212),sz300212
佳讯飞鸿(300213),sz300213
日科化学(300214),sz300214
电科院(300215),sz300215
千山退(300216),sz300216
东方电热(300217),sz300217
安利股份(300218),sz300218
鸿利智汇(300219),sz300219
金运激光(300220),sz300220
银禧科技(300221),sz300221
科大智能(300222),sz300222
北京君正(300223),sz300223
正海磁材(300224),sz300224
金力泰(300225),sz300225
上海钢联(300226),sz300226
光韵达(300227),sz300227
富瑞特装(300228),sz300228
拓尔思(300229),sz300229
永利股份(300230),sz300230
银信科技(300231),sz300231
洲明科技(300232),sz300232
金城医药(300233),sz300233
开尔新材(300234),sz300234
方直科技(300235),sz300235
上海新阳(300236),sz300236
美晨生态(300237),sz300237
冠昊生物(300238),sz300238
东宝生物(300239),sz300239
飞力达(300240),sz300240
瑞丰光电(300241),sz300241
佳云科技(300242),sz300242
瑞丰高材(300243),sz300243
迪安诊断(300244),sz300244
天玑科技(300245),sz300245
宝莱特(300246),sz300246
融捷健康(300247),sz300247
新开普(300248),sz300248
依米康(300249),sz300249
初灵信息(300250),sz300250
光线传媒(300251),sz300251
金信诺(300252),sz300252
卫宁健康(300253),sz300253
仟源医药(300254),sz300254
常山药业(300255),sz300255
*ST星星(300256),sz300256
开山股份(300257),sz300257
精锻科技(300258),sz300258
新天科技(300259),sz300259
新莱应材(300260),sz300260
雅本化学(300261),sz300261
巴安水务(300262),sz300262
隆华科技(300263),sz300263
佳创视讯(300264),sz300264
通光线缆(300265),sz300265
兴源环境(300266),sz300266
尔康制药(300267),sz300267
佳沃食品(300268),sz300268
ST联建(300269),sz300269
中威电子(300270),sz300270
华宇软件(300271),sz300271
开能健康(300272),sz300272
和佳医疗(300273),sz300273
阳光电源(300274),sz300274
梅安森(300275),sz300275
三丰智能(300276),sz300276
海联讯(300277),sz300277
*ST华昌(300278),sz300278
和晶科技(300279),sz300279
紫天科技(300280),sz300280
金明精机(300281),sz300281
三盛教育(300282),sz300282
温州宏丰(300283),sz300283
苏交科(300284),sz300284
国瓷材料(300285),sz300285
安科瑞(300286),sz300286
飞利信(300287),sz300287
朗玛信息(300288),sz300288
利德曼(300289),sz300289
荣科科技(300290),sz300290
华录百纳(300291),sz300291
吴通控股(300292),sz300292
蓝英装备(300293),sz300293
博雅生物(300294),sz300294
三六五网(300295),sz300295
利亚德(300296),sz300296
蓝盾股份(300297),sz300297
三诺生物(300298),sz300298
富春股份(300299),sz300299
海峡创新(300300),sz300300
长方集团(300301),sz300301
同有科技(300302),sz300302
聚飞光电(300303),sz300303
云意电气(300304),sz300304
裕兴股份(300305),sz300305
远方信息(300306),sz300306
慈星股份(300307),sz300307
中际旭创(300308),sz300308
吉艾科技(300309),sz300309
宜通世纪(300310),sz300310
任子行(300311),sz300311
*ST邦讯(300312),sz300312
ST天山(300313),sz300313
戴维医疗(300314),sz300314
掌趣科技(300315),sz300315
晶盛机电(300316),sz300316
珈伟新能(300317),sz300317
博晖创新(300318),sz300318
麦捷科技(300319),sz300319
海达股份(300320),sz300320
同大股份(300321),sz300321
硕贝德(300322),sz300322
华灿光电(300323),sz300323
旋极信息(300324),sz300324
*ST德威(300325),sz300325
凯利泰(300326),sz300326
中颖电子(300327),sz300327
宜安科技(300328),sz300328
海伦钢琴(300329),sz300329
华虹计通(300330),sz300330
苏大维格(300331),sz300331
天壕环境(300332),sz300332
兆日科技(300333),sz300333
津膜科技(300334),sz300334
迪森股份(300335),sz300335
新文化(300336),sz300336
银邦股份(300337),sz300337
开元教育(300338),sz300338
润和软件(300339),sz300339
科恒股份(300340),sz300340
麦克奥迪(300341),sz300341
天银机电(300342),sz300342
联创股份(300343),sz300343
立方数科(300344),sz300344
华民股份(300345),sz300345
南大光电(300346),sz300346
泰格医药(300347),sz300347
长亮科技(300348),sz300348
金卡智能(300349),sz300349
华鹏飞(300350),sz300350
永贵电器(300351),sz300351
北信源(300352),sz300352
东土科技(300353),sz300353
东华测试(300354),sz300354
蒙草生态(300355),sz300355
ST光一(300356),sz300356
我武生物(300357),sz300357
楚天科技(300358),sz300358
全通教育(300359),sz300359
炬华科技(300360),sz300360
天翔退(300362),sz300362
博腾股份(300363),sz300363
中文在线(300364),sz300364
恒华科技(300365),sz300365
创意信息(300366),sz300366
ST网力(300367),sz300367
汇金股份(300368),sz300368
绿盟科技(300369),sz300369
ST安控(300370),sz300370
汇中股份(300371),sz300371
欣泰退(300372),sz300372
扬杰科技(300373),sz300373
中铁装配(300374),sz300374
鹏翎股份(300375),sz300375
易事特(300376),sz300376
赢时胜(300377),sz300377
鼎捷软件(300378),sz300378
东方通(300379),sz300379
安硕信息(300380),sz300380
溢多利(300381),sz300381
斯莱克(300382),sz300382
光环新网(300383),sz300383
三联虹普(300384),sz300384
雪浪环境(300385),sz300385
飞天诚信(300386),sz300386
富邦股份(300387),sz300387
节能国祯(300388),sz300388
艾比森(300389),sz300389
天华超净(300390),sz300390
康跃科技(300391),sz300391
腾信股份(300392),sz300392
中来股份(300393),sz300393
天孚通信(300394),sz300394
菲利华(300395),sz300395
迪瑞医疗(300396),sz300396
天和防务(300397),sz300397
飞凯材料(300398),sz300398
天利科技(300399),sz300399
劲拓股份(300400),sz300400
花园生物(300401),sz300401
宝色股份(300402),sz300402
汉宇集团(300403),sz300403
博济医药(300404),sz300404
科隆股份(300405),sz300405
九强生物(300406),sz300406
凯发电气(300407),sz300407
三环集团(300408),sz300408
道氏技术(300409),sz300409
正业科技(300410),sz300410
金盾股份(300411),sz300411
迦南科技(300412),sz300412
芒果超媒(300413),sz300413
中光防雷(300414),sz300414
伊之密(300415),sz300415
苏试试验(300416),sz300416
南华仪器(300417),sz300417
昆仑万维(300418),sz300418
浩丰科技(300419),sz300419
五洋停车(300420),sz300420
力星股份(300421),sz300421
博世科(300422),sz300422
�N辉科技(300423),sz300423
航新科技(300424),sz300424
中建环能(300425),sz300425
唐德影视(300426),sz300426
红相股份(300427),sz300427
立中集团(300428),sz300428
强力新材(300429),sz300429
诚益通(300430),sz300430
暴风退(300431),sz300431
富临精工(300432),sz300432
蓝思科技(300433),sz300433
金石亚药(300434),sz300434
中泰股份(300435),sz300435
广生堂(300436),sz300436
清水源(300437),sz300437
鹏辉能源(300438),sz300438
美康生物(300439),sz300439
运达科技(300440),sz300440
鲍斯股份(300441),sz300441
普丽盛(300442),sz300442
金雷股份(300443),sz300443
双杰电气(300444),sz300444
康斯特(300445),sz300445
*ST乐材(300446),sz300446
全信股份(300447),sz300447
浩云科技(300448),sz300448
汉邦高科(300449),sz300449
先导智能(300450),sz300450
创业慧康(300451),sz300451
山河药辅(300452),sz300452
三鑫医疗(300453),sz300453
深信服(300454),sz300454
康拓红外(300455),sz300455
赛微电子(300456),sz300456
赢合科技(300457),sz300457
全志科技(300458),sz300458
汤姆猫(300459),sz300459
惠伦晶体(300460),sz300460
田中精机(300461),sz300461
华铭智能(300462),sz300462
迈克生物(300463),sz300463
星徽股份(300464),sz300464
高伟达(300465),sz300465
赛摩智能(300466),sz300466
迅游科技(300467),sz300467
四方精创(300468),sz300468
信息发展(300469),sz300469
中密控股(300470),sz300470
厚普股份(300471),sz300471
新元科技(300472),sz300472
德尔股份(300473),sz300473
景嘉微(300474),sz300474
聚隆科技(300475),sz300475
胜宏科技(300476),sz300476
合纵科技(300477),sz300477
杭州高新(300478),sz300478
神思电子(300479),sz300479
光力科技(300480),sz300480
濮阳惠成(300481),sz300481
万孚生物(300482),sz300482
首华燃气(300483),sz300483
蓝海华腾(300484),sz300484
赛升药业(300485),sz300485
东杰智能(300486),sz300486
蓝晓科技(300487),sz300487
恒锋工具(300488),sz300488
中飞股份(300489),sz300489
华自科技(300490),sz300490
通合科技(300491),sz300491
华图山鼎(300492),sz300492
润欣科技(300493),sz300493
盛天网络(300494),sz300494
*ST美尚(300495),sz300495
中科创达(300496),sz300496
富祥药业(300497),sz300497
温氏股份(300498),sz300498
高澜股份(300499),sz300499
启迪设计(300500),sz300500
海顺新材(300501),sz300501
新易盛(300502),sz300502
昊志机电(300503),sz300503
天邑股份(300504),sz300504
川金诺(300505),sz300505
名家汇(300506),sz300506
苏奥传感(300507),sz300507
维宏股份(300508),sz300508
新美星(300509),sz300509
金冠股份(300510),sz300510
雪榕生物(300511),sz300511
中亚股份(300512),sz300512
恒实科技(300513),sz300513
友讯达(300514),sz300514
三德科技(300515),sz300515
久之洋(300516),sz300516
海波重科(300517),sz300517
盛讯达(300518),sz300518
新光药业(300519),sz300519
科大国创(300520),sz300520
爱司凯(300521),sz300521
世名科技(300522),sz300522
辰安科技(300523),sz300523
博思软件(300525),sz300525
中潜股份(300526),sz300526
中船应急(300527),sz300527
幸福蓝海(300528),sz300528
健帆生物(300529),sz300529
*ST达志(300530),sz300530
优博讯(300531),sz300531
今天国际(300532),sz300532
冰川网络(300533),sz300533
陇神戎发(300534),sz300534
达威股份(300535),sz300535
农尚环境(300536),sz300536
广信材料(300537),sz300537
同益股份(300538),sz300538
横河精密(300539),sz300539
深冷股份(300540),sz300540
先进数通(300541),sz300541
新晨科技(300542),sz300542
朗科智能(300543),sz300543
联得装备(300545),sz300545
雄帝科技(300546),sz300546
川环科技(300547),sz300547
博创科技(300548),sz300548
优德精密(300549),sz300549
和仁科技(300550),sz300550
古鳌科技(300551),sz300551
万集科技(300552),sz300552
集智股份(300553),sz300553
三超新材(300554),sz300554
路通视信(300555),sz300555
丝路视觉(300556),sz300556
理工光科(300557),sz300557
贝达药业(300558),sz300558
佳发教育(300559),sz300559
中富通(300560),sz300560
汇金科技(300561),sz300561
乐心医疗(300562),sz300562
神宇股份(300563),sz300563
筑博设计(300564),sz300564
科信技术(300565),sz300565
激智科技(300566),sz300566
精测电子(300567),sz300567
星源材质(300568),sz300568
天能重工(300569),sz300569
太辰光(300570),sz300570
平治信息(300571),sz300571
安车检测(300572),sz300572
兴齐眼药(300573),sz300573
中旗股份(300575),sz300575
容大感光(300576),sz300576
开润股份(300577),sz300577
会畅通讯(300578),sz300578
数字认证(300579),sz300579
贝斯特(300580),sz300580
晨曦航空(300581),sz300581
英飞特(300582),sz300582
赛托生物(300583),sz300583
海辰药业(300584),sz300584
奥联电子(300585),sz300585
美联新材(300586),sz300586
天铁股份(300587),sz300587
熙菱信息(300588),sz300588
江龙船艇(300589),sz300589
移为通信(300590),sz300590
万里马(300591),sz300591
华凯创意(300592),sz300592
新雷能(300593),sz300593
朗进科技(300594),sz300594
欧普康视(300595),sz300595
利安隆(300596),sz300596
吉大通信(300597),sz300597
诚迈科技(300598),sz300598
雄塑科技(300599),sz300599
国瑞科技(300600),sz300600
康泰生物(300601),sz300601
飞荣达(300602),sz300602
立昂技术(300603),sz300603
长川科技(300604),sz300604
恒锋信息(300605),sz300605
金太阳(300606),sz300606
拓斯达(300607),sz300607
思特奇(300608),sz300608
汇纳科技(300609),sz300609
晨化股份(300610),sz300610
美力科技(300611),sz300611
宣亚国际(300612),sz300612
富瀚微(300613),sz300613
百川畅银(300614),sz300614
欣天科技(300615),sz300615
尚品宅配(300616),sz300616
安靠智电(300617),sz300617
寒锐钴业(300618),sz300618
金银河(300619),sz300619
光库科技(300620),sz300620
维业股份(300621),sz300621
博士眼镜(300622),sz300622
捷捷微电(300623),sz300623
万兴科技(300624),sz300624
三雄极光(300625),sz300625
华瑞股份(300626),sz300626
华测导航(300627),sz300627
亿联网络(300628),sz300628
新劲刚(300629),sz300629
普利制药(300630),sz300630
久吾高科(300631),sz300631
光莆股份(300632),sz300632
开立医疗(300633),sz300633
彩讯股份(300634),sz300634
中达安(300635),sz300635
同和药业(300636),sz300636
扬帆新材(300637),sz300637
广和通(300638),sz300638
凯普生物(300639),sz300639
德艺文创(300640),sz300640
正丹股份(300641),sz300641
透景生命(300642),sz300642
万通智控(300643),sz300643
南京聚隆(300644),sz300644
正元智慧(300645),sz300645
超频三(300647),sz300647
星云股份(300648),sz300648
杭州园林(300649),sz300649
太龙照明(300650),sz300650
金陵体育(300651),sz300651
雷迪克(300652),sz300652
正海生物(300653),sz300653
世纪天鸿(300654),sz300654
晶瑞电材(300655),sz300655
民德电子(300656),sz300656
弘信电子(300657),sz300657
延江股份(300658),sz300658
中孚信息(300659),sz300659
江苏雷利(300660),sz300660
圣邦股份(300661),sz300661
科锐国际(300662),sz300662
科蓝软件(300663),sz300663
鹏鹞环保(300664),sz300664
飞鹿股份(300665),sz300665
江丰电子(300666),sz300666
必创科技(300667),sz300667
杰恩设计(300668),sz300668
沪宁股份(300669),sz300669
大烨智能(300670),sz300670
富满电子(300671),sz300671
国科微(300672),sz300672
佩蒂股份(300673),sz300673
宇信科技(300674),sz300674
建科院(300675),sz300675
华大基因(300676),sz300676
英科医疗(300677),sz300677
中科信息(300678),sz300678
电连技术(300679),sz300679
隆盛科技(300680),sz300680
英搏尔(300681),sz300681
朗新科技(300682),sz300682
海特生物(300683),sz300683
中石科技(300684),sz300684
艾德生物(300685),sz300685
智动力(300686),sz300686
赛意信息(300687),sz300687
创业黑马(300688),sz300688
澄天伟业(300689),sz300689
双一科技(300690),sz300690
联合光电(300691),sz300691
中环环保(300692),sz300692
盛弘股份(300693),sz300693
蠡湖股份(300694),sz300694
兆丰股份(300695),sz300695
爱乐达(300696),sz300696
电工合金(300697),sz300697
万马科技(300698),sz300698
光威复材(300699),sz300699
岱勒新材(300700),sz300700
森霸传感(300701),sz300701
天宇股份(300702),sz300702
创源股份(300703),sz300703
九典制药(300705),sz300705
阿石创(300706),sz300706
威唐工业(300707),sz300707
聚灿光电(300708),sz300708
精研科技(300709),sz300709
万隆光电(300710),sz300710
广哈通信(300711),sz300711
永福股份(300712),sz300712
英可瑞(300713),sz300713
凯伦股份(300715),sz300715
国立科技(300716),sz300716
华信新材(300717),sz300717
长盛轴承(300718),sz300718
安达维尔(300719),sz300719
海川智能(300720),sz300720
怡达股份(300721),sz300721
新余国科(300722),sz300722
一品红(300723),sz300723
捷佳伟创(300724),sz300724
药石科技(300725),sz300725
宏达电子(300726),sz300726
润禾材料(300727),sz300727
乐歌股份(300729),sz300729
科创信息(300730),sz300730
科创新源(300731),sz300731
设研院(300732),sz300732
西菱动力(300733),sz300733
光弘科技(300735),sz300735
百邦科技(300736),sz300736
科顺股份(300737),sz300737
奥飞数据(300738),sz300738
明阳电路(300739),sz300739
水羊股份(300740),sz300740
华宝股份(300741),sz300741
越博动力(300742),sz300742
天地数码(300743),sz300743
欣锐科技(300745),sz300745
汉嘉设计(300746),sz300746
锐科激光(300747),sz300747
金力永磁(300748),sz300748
顶固集创(300749),sz300749
宁德时代(300750),sz300750
迈为股份(300751),sz300751
隆利科技(300752),sz300752
爱朋医疗(300753),sz300753
华致酒行(300755),sz300755
金马游乐(300756),sz300756
罗博特科(300757),sz300757
七彩化学(300758),sz300758
康龙化成(300759),sz300759
迈瑞医疗(300760),sz300760
立华股份(300761),sz300761
上海瀚讯(300762),sz300762
锦浪科技(300763),sz300763
新诺威(300765),sz300765
每日互动(300766),sz300766
震安科技(300767),sz300767
迪普科技(300768),sz300768
德方纳米(300769),sz300769
新媒股份(300770),sz300770
智莱科技(300771),sz300771
运达股份(300772),sz300772
拉卡拉(300773),sz300773
倍杰特(300774),sz300774
三角防务(300775),sz300775
帝尔激光(300776),sz300776
中简科技(300777),sz300777
新城市(300778),sz300778
惠城环保(300779),sz300779
德恩精工(300780),sz300780
因赛集团(300781),sz300781
卓胜微(300782),sz300782
三只松鼠(300783),sz300783
值得买(300785),sz300785
国林科技(300786),sz300786
海能实业(300787),sz300787
中信出版(300788),sz300788
唐源电气(300789),sz300789
宇瞳光学(300790),sz300790
仙乐健康(300791),sz300791
壹网壹创(300792),sz300792
佳禾智能(300793),sz300793
*ST米奥(300795),sz300795
贝斯美(300796),sz300796
钢研纳克(300797),sz300797
锦鸡股份(300798),sz300798
左江科技(300799),sz300799
力合科技(300800),sz300800
泰和科技(300801),sz300801
矩子科技(300802),sz300802
指南针(300803),sz300803
电声股份(300805),sz300805
斯迪克(300806),sz300806
天迈科技(300807),sz300807
久量股份(300808),sz300808
华辰装备(300809),sz300809
中科海讯(300810),sz300810
铂科新材(300811),sz300811
易天股份(300812),sz300812
泰林生物(300813),sz300813
中富电路(300814),sz300814
玉禾田(300815),sz300815
艾可蓝(300816),sz300816
双飞股份(300817),sz300817
耐普矿机(300818),sz300818
聚杰微纤(300819),sz300819
英杰电气(300820),sz300820
东岳硅材(300821),sz300821
贝仕达克(300822),sz300822
建科机械(300823),sz300823
北鼎股份(300824),sz300824
阿尔特(300825),sz300825
测绘股份(300826),sz300826
上能电气(300827),sz300827
锐新科技(300828),sz300828
金丹科技(300829),sz300829
金现代(300830),sz300830
派瑞股份(300831),sz300831
新产业(300832),sz300832
浩洋股份(300833),sz300833
龙磁科技(300835),sz300835
佰奥智能(300836),sz300836
浙矿股份(300837),sz300837
浙江力诺(300838),sz300838
博汇股份(300839),sz300839
酷特智能(300840),sz300840
康华生物(300841),sz300841
帝科股份(300842),sz300842
胜蓝股份(300843),sz300843
山水比德(300844),sz300844
捷安高科(300845),sz300845
首都在线(300846),sz300846
中船汉光(300847),sz300847
美瑞新材(300848),sz300848
锦盛新材(300849),sz300849
新强联(300850),sz300850
交大思诺(300851),sz300851
四会富仕(300852),sz300852
申昊科技(300853),sz300853
图南股份(300855),sz300855
科思股份(300856),sz300856
协创数据(300857),sz300857
科拓生物(300858),sz300858
*ST西域(300859),sz300859
锋尚文化(300860),sz300860
美畅股份(300861),sz300861
蓝盾光电(300862),sz300862
卡倍亿(300863),sz300863
南大环境(300864),sz300864
大宏立(300865),sz300865
安克创新(300866),sz300866
圣元环保(300867),sz300867
杰美特(300868),sz300868
康泰医学(300869),sz300869
欧陆通(300870),sz300870
回盛生物(300871),sz300871
天阳科技(300872),sz300872
海晨股份(300873),sz300873
捷强装备(300875),sz300875
蒙泰高新(300876),sz300876
金春股份(300877),sz300877
维康药业(300878),sz300878
大叶股份(300879),sz300879
迦南智能(300880),sz300880
盛德鑫泰(300881),sz300881
万胜智能(300882),sz300882
龙利得(300883),sz300883
狄耐克(300884),sz300884
海昌新材(300885),sz300885
华业香料(300886),sz300886
谱尼测试(300887),sz300887
稳健医疗(300888),sz300888
爱克股份(300889),sz300889
翔丰华(300890),sz300890
惠云钛业(300891),sz300891
品渥食品(300892),sz300892
松原股份(300893),sz300893
火星人(300894),sz300894
铜牛信息(300895),sz300895
爱美客(300896),sz300896
山科智能(300897),sz300897
熊猫乳品(300898),sz300898
上海凯鑫(300899),sz300899
广联航空(300900),sz300900
中胤时尚(300901),sz300901
国安达(300902),sz300902
科翔股份(300903),sz300903
宝丽迪(300905),sz300905
日月明(300906),sz300906
康平科技(300907),sz300907
仲景食品(300908),sz300908
汇创达(300909),sz300909
瑞丰新材(300910),sz300910
亿田智能(300911),sz300911
凯龙高科(300912),sz300912
兆龙互连(300913),sz300913
海融科技(300915),sz300915
朗特智能(300916),sz300916
特发服务(300917),sz300917
南山智尚(300918),sz300918
中伟股份(300919),sz300919
润阳科技(300920),sz300920
南凌科技(300921),sz300921
天秦装备(300922),sz300922
研奥股份(300923),sz300923
法本信息(300925),sz300925
博俊科技(300926),sz300926
江天化学(300927),sz300927
华安鑫创(300928),sz300928
华骐环保(300929),sz300929
屹通新材(300930),sz300930
通用电梯(300931),sz300931
三友联众(300932),sz300932
中辰股份(300933),sz300933
盈建科(300935),sz300935
中英科技(300936),sz300936
药易购(300937),sz300937
信测标准(300938),sz300938
秋田微(300939),sz300939
南极光(300940),sz300940
创识科技(300941),sz300941
易瑞生物(300942),sz300942
春晖智控(300943),sz300943
曼卡龙(300945),sz300945
恒而达(300946),sz300946
德必集团(300947),sz300947
冠中生态(300948),sz300948
奥雅设计(300949),sz300949
德固特(300950),sz300950
博硕科技(300951),sz300951
恒辉安防(300952),sz300952
震裕科技(300953),sz300953
嘉亨家化(300955),sz300955
英力股份(300956),sz300956
贝泰妮(300957),sz300957
建工修复(300958),sz300958
线上线下(300959),sz300959
通业科技(300960),sz300960
深水海纳(300961),sz300961
中金辐照(300962),sz300962
中洲特材(300963),sz300963
本川智能(300964),sz300964
恒宇信通(300965),sz300965
共同药业(300966),sz300966
晓鸣股份(300967),sz300967
格林精密(300968),sz300968
恒帅股份(300969),sz300969
华绿生物(300970),sz300970
博亚精工(300971),sz300971
万辰生物(300972),sz300972
立高食品(300973),sz300973
商络电子(300975),sz300975
达瑞电子(300976),sz300976
深圳瑞捷(300977),sz300977
东箭科技(300978),sz300978
华利集团(300979),sz300979
祥源新材(300980),sz300980
中红医疗(300981),sz300981
苏文电能(300982),sz300982
尤安设计(300983),sz300983
金沃股份(300984),sz300984
致远新能(300985),sz300985
志特新材(300986),sz300986
川网传媒(300987),sz300987
津荣天宇(300988),sz300988
蕾奥规划(300989),sz300989
同飞股份(300990),sz300990
创益通(300991),sz300991
泰福泵业(300992),sz300992
玉马遮阳(300993),sz300993
久祺股份(300994),sz300994
奇德新材(300995),sz300995
普联软件(300996),sz300996
欢乐家(300997),sz300997
宁波方正(300998),sz300998
金龙鱼(300999),sz300999
浦发银行(600000),sh600000
白云机场(600004),sh600004
武钢股份(600005),sh600005
东风汽车(600006),sh600006
中国国贸(600007),sh600007
首创环保(600008),sh600008
上海机场(600009),sh600009
包钢股份(600010),sh600010
华能国际(600011),sh600011
皖通高速(600012),sh600012
华夏银行(600015),sh600015
民生银行(600016),sh600016
日照港(600017),sh600017
上港集团(600018),sh600018
宝钢股份(600019),sh600019
中原高速(600020),sh600020
上海电力(600021),sh600021
山东钢铁(600022),sh600022
浙能电力(600023),sh600023
华能水电(600025),sh600025
中远海能(600026),sh600026
华电国际(600027),sh600027
中国石化(600028),sh600028
南方航空(600029),sh600029
中信证券(600030),sh600030
三一重工(600031),sh600031
浙江新能(600032),sh600032
福建高速(600033),sh600033
楚天高速(600035),sh600035
招商银行(600036),sh600036
歌华有线(600037),sh600037
中直股份(600038),sh600038
四川路桥(600039),sh600039
保利地产(600048),sh600048
中国联通(600050),sh600050
宁波联合(600051),sh600051
浙江广厦(600052),sh600052
九鼎投资(600053),sh600053
黄山旅游(600054),sh600054
万东医疗(600055),sh600055
中国医药(600056),sh600056
厦门象屿(600057),sh600057
五矿发展(600058),sh600058
古越龙山(600059),sh600059
海信视像(600060),sh600060
国投资本(600061),sh600061
华润双鹤(600062),sh600062
皖维高新(600063),sh600063
南京高科(600064),sh600064
宇通客车(600066),sh600066
冠城大通(600067),sh600067
葛洲坝(600068),sh600068
退市银鸽(600069),sh600069
浙江富润(600070),sh600070
凤凰光学(600071),sh600071
中船科技(600072),sh600072
上海梅林(600073),sh600073
退市保千(600074),sh600074
新疆天业(600075),sh600075
康欣新材(600076),sh600076
宋都股份(600077),sh600077
*ST澄星(600078),sh600078
人福医药(600079),sh600079
金花股份(600080),sh600080
东风科技(600081),sh600081
海泰发展(600082),sh600082
*ST博信(600083),sh600083
*ST中葡(600084),sh600084
同仁堂(600085),sh600085
退市金钰(600086),sh600086
中视传媒(600088),sh600088
特变电工(600089),sh600089
*ST济堂(600090),sh600090
*ST明科(600091),sh600091
*ST易见(600093),sh600093
大名城(600094),sh600094
湘财股份(600095),sh600095
云天化(600096),sh600096
开创国际(600097),sh600097
广州发展(600098),sh600098
林海股份(600099),sh600099
同方股份(600100),sh600100
明星电力(600101),sh600101
青山纸业(600103),sh600103
上汽集团(600104),sh600104
永鼎股份(600105),sh600105
重庆路桥(600106),sh600106
美尔雅(600107),sh600107
亚盛集团(600108),sh600108
国金证券(600109),sh600109
诺德股份(600110),sh600110
北方稀土(600111),sh600111
*ST天成(600112),sh600112
浙江东日(600113),sh600113
东睦股份(600114),sh600114
中国东航(600115),sh600115
三峡水利(600116),sh600116
西宁特钢(600117),sh600117
中国卫星(600118),sh600118
长江投资(600119),sh600119
浙江东方(600120),sh600120
郑州煤电(600121),sh600121
ST宏图(600122),sh600122
兰花科创(600123),sh600123
铁龙物流(600125),sh600125
杭钢股份(600126),sh600126
金健米业(600127),sh600127
弘业股份(600128),sh600128
太极集团(600129),sh600129
波导股份(600130),sh600130
国网信通(600131),sh600131
重庆啤酒(600132),sh600132
东湖高新(600133),sh600133
乐凯胶片(600135),sh600135
当代文体(600136),sh600136
浪莎股份(600137),sh600137
中青旅(600138),sh600138
ST西源(600139),sh600139
兴发集团(600141),sh600141
金发科技(600143),sh600143
*ST新亿(600145),sh600145
*ST环球(600146),sh600146
长春一东(600148),sh600148
廊坊发展(600149),sh600149
中国船舶(600150),sh600150
航天机电(600151),sh600151
维科技术(600152),sh600152
建发股份(600153),sh600153
华创阳安(600155),sh600155
华升股份(600156),sh600156
永泰能源(600157),sh600157
中体产业(600158),sh600158
大龙地产(600159),sh600159
巨化股份(600160),sh600160
天坛生物(600161),sh600161
香江控股(600162),sh600162
中闽能源(600163),sh600163
新日恒力(600165),sh600165
福田汽车(600166),sh600166
联美控股(600167),sh600167
武汉控股(600168),sh600168
太原重工(600169),sh600169
上海建工(600170),sh600170
上海贝岭(600171),sh600171
黄河旋风(600172),sh600172
卧龙地产(600173),sh600173
退市美都(600175),sh600175
中国巨石(600176),sh600176
雅戈尔(600177),sh600177
东安动力(600178),sh600178
安通控股(600179),sh600179
瑞茂通(600180),sh600180
SST佳通(600182),sh600182
生益科技(600183),sh600183
光电股份(600184),sh600184
格力地产(600185),sh600185
莲花健康(600186),sh600186
国中水务(600187),sh600187
兖州煤业(600188),sh600188
泉阳泉(600189),sh600189
锦州港(600190),sh600190
*ST华资(600191),sh600191
长城电工(600192),sh600192
创兴资源(600193),sh600193
中牧股份(600195),sh600195
复星医药(600196),sh600196
伊力特(600197),sh600197
*ST大唐(600198),sh600198
金种子酒(600199),sh600199
江苏吴中(600200),sh600200
生物股份(600201),sh600201
哈空调(600202),sh600202
福日电子(600203),sh600203
有研新材(600206),sh600206
安彩高科(600207),sh600207
新湖中宝(600208),sh600208
*ST罗顿(600209),sh600209
紫江企业(600210),sh600210
西藏药业(600211),sh600211
江泉实业(600212),sh600212
亚星客车(600213),sh600213
长春经开(600215),sh600215
浙江医药(600216),sh600216
中再资环(600217),sh600217
全柴动力(600218),sh600218
南山铝业(600219),sh600219
江苏阳光(600220),sh600220
*ST海航(600221),sh600221
太龙药业(600222),sh600222
鲁商发展(600223),sh600223
*ST松江(600225),sh600225
ST瀚叶(600226),sh600226
圣济堂(600227),sh600227
返利科技(600228),sh600228
城市传媒(600229),sh600229
沧州大化(600230),sh600230
凌钢股份(600231),sh600231
金鹰股份(600232),sh600232
圆通速递(600233),sh600233
山水文化(600234),sh600234
民丰特纸(600235),sh600235
桂冠电力(600236),sh600236
铜峰电子(600237),sh600237
海南椰岛(600238),sh600238
*ST云城(600239),sh600239
退市华业(600240),sh600240
ST时万(600241),sh600241
ST中昌(600242),sh600242
青海华鼎(600243),sh600243
万通发展(600246),sh600246
*ST成城(600247),sh600247
陕西建工(600248),sh600248
两面针(600249),sh600249
南纺股份(600250),sh600250
冠农股份(600251),sh600251
中恒集团(600252),sh600252
鑫科材料(600255),sh600255
广汇能源(600256),sh600256
大湖股份(600257),sh600257
首旅酒店(600258),sh600258
广晟有色(600259),sh600259
ST凯乐(600260),sh600260
阳光照明(600261),sh600261
北方股份(600262),sh600262
*ST景谷(600265),sh600265
城建发展(600266),sh600266
海正药业(600267),sh600267
国电南自(600268),sh600268
赣粤高速(600269),sh600269
外运发展(600270),sh600270
航天信息(600271),sh600271
开开实业(600272),sh600272
嘉化能源(600273),sh600273
*ST昌鱼(600275),sh600275
恒瑞医药(600276),sh600276
亿利洁能(600277),sh600277
东方创业(600278),sh600278
重庆港九(600279),sh600279
中央商场(600280),sh600280
太化股份(600281),sh600281
南钢股份(600282),sh600282
钱江水利(600283),sh600283
浦东建设(600284),sh600284
羚锐制药(600285),sh600285
江苏舜天(600287),sh600287
大恒科技(600288),sh600288
ST信通(600289),sh600289
ST华仪(600290),sh600290
*ST西水(600291),sh600291
远达环保(600292),sh600292
三峡新材(600293),sh600293
鄂尔多斯(600295),sh600295
广汇汽车(600297),sh600297
安琪酵母(600298),sh600298
安迪苏(600299),sh600299
ST维维(600300),sh600300
*ST南化(600301),sh600301
标准股份(600302),sh600302
曙光股份(600303),sh600303
恒顺醋业(600305),sh600305
*ST商城(600306),sh600306
酒钢宏兴(600307),sh600307
华泰股份(600308),sh600308
万华化学(600309),sh600309
桂东电力(600310),sh600310
ST荣华(600311),sh600311
平高电气(600312),sh600312
农发种业(600313),sh600313
上海家化(600315),sh600315
洪都航空(600316),sh600316
营口港(600317),sh600317
新力金融(600318),sh600318
*ST亚星(600319),sh600319
振华重工(600320),sh600320
正源股份(600321),sh600321
天房发展(600322),sh600322
瀚蓝环境(600323),sh600323
华发股份(600325),sh600325
西藏天路(600326),sh600326
大东方(600327),sh600327
中盐化工(600328),sh600328
中新药业(600329),sh600329
天通股份(600330),sh600330
宏达股份(600331),sh600331
白云山(600332),sh600332
长春燃气(600333),sh600333
国机汽车(600335),sh600335
澳柯玛(600336),sh600336
美克家居(600337),sh600337
西藏珠峰(600338),sh600338
中油工程(600339),sh600339
华夏幸福(600340),sh600340
航天动力(600343),sh600343
长江通信(600345),sh600345
恒力石化(600346),sh600346
华阳股份(600348),sh600348
山东高速(600350),sh600350
亚宝药业(600351),sh600351
浙江龙盛(600352),sh600352
旭光电子(600353),sh600353
敦煌种业(600354),sh600354
精伦电子(600355),sh600355
恒丰纸业(600356),sh600356
国旅联合(600358),sh600358
新农开发(600359),sh600359
华微电子(600360),sh600360
华联综超(600361),sh600361
江西铜业(600362),sh600362
联创光电(600363),sh600363
ST通葡(600365),sh600365
宁波韵升(600366),sh600366
红星发展(600367),sh600367
五洲交通(600368),sh600368
西南证券(600369),sh600369
三房巷(600370),sh600370
万向德农(600371),sh600371
中航电子(600372),sh600372
中文传媒(600373),sh600373
汉马科技(600375),sh600375
首开股份(600376),sh600376
宁沪高速(600377),sh600377
昊华科技(600378),sh600378
宝光股份(600379),sh600379
健康元(600380),sh600380
青海春天(600381),sh600381
*ST广珠(600382),sh600382
金地集团(600383),sh600383
*ST金泰(600385),sh600385
北巴传媒(600386),sh600386
ST海越(600387),sh600387
龙净环保(600388),sh600388
江山股份(600389),sh600389
五矿资本(600390),sh600390
航发科技(600391),sh600391
盛和资源(600392),sh600392
ST粤泰(600393),sh600393
盘江股份(600395),sh600395
金山股份(600396),sh600396
安源煤业(600397),sh600397
海澜之家(600398),sh600398
抚顺特钢(600399),sh600399
红豆股份(600400),sh600400
退市海润(600401),sh600401
ST大有(600403),sh600403
动力源(600405),sh600405
国电南瑞(600406),sh600406
ST安泰(600408),sh600408
三友化工(600409),sh600409
华胜天成(600410),sh600410
小商品城(600415),sh600415
湘电股份(600416),sh600416
江淮汽车(600418),sh600418
天润乳业(600419),sh600419
国药现代(600420),sh600420
华嵘控股(600421),sh600421
昆药集团(600422),sh600422
柳化股份(600423),sh600423
青松建化(600425),sh600425
华鲁恒升(600426),sh600426
中远海特(600428),sh600428
三元股份(600429),sh600429
退市吉恩(600432),sh600432
冠豪高新(600433),sh600433
北方导航(600435),sh600435
片仔癀(600436),sh600436
通威股份(600438),sh600438
瑞贝卡(600439),sh600439
国机通用(600444),sh600444
金证股份(600446),sh600446
华纺股份(600448),sh600448
宁夏建材(600449),sh600449
涪陵电力(600452),sh600452
博通股份(600455),sh600455
宝钛股份(600456),sh600456
时代新材(600458),sh600458
贵研铂业(600459),sh600459
士兰微(600460),sh600460
洪城环境(600461),sh600461
ST九有(600462),sh600462
空港股份(600463),sh600463
蓝光发展(600466),sh600466
好当家(600467),sh600467
百利电气(600468),sh600468
风神股份(600469),sh600469
六国化工(600470),sh600470
华光环能(600475),sh600475
湘邮科技(600476),sh600476
杭萧钢构(600477),sh600477
科力远(600478),sh600478
千金药业(600479),sh600479
凌云股份(600480),sh600480
双良节能(600481),sh600481
中国动力(600482),sh600482
福能股份(600483),sh600483
*ST信威(600485),sh600485
扬农化工(600486),sh600486
亨通光电(600487),sh600487
天药股份(600488),sh600488
中金黄金(600489),sh600489
鹏欣资源(600490),sh600490
龙元建设(600491),sh600491
凤竹纺织(600493),sh600493
晋西车轴(600495),sh600495
精工钢构(600496),sh600496
驰宏锌锗(600497),sh600497
烽火通信(600498),sh600498
科达制造(600499),sh600499
中化国际(600500),sh600500
航天晨光(600501),sh600501
安徽建工(600502),sh600502
华丽家族(600503),sh600503
西昌电力(600505),sh600505
*ST香梨(600506),sh600506
方大特钢(600507),sh600507
上海能源(600508),sh600508
天富能源(600509),sh600509
黑牡丹(600510),sh600510
国药股份(600511),sh600511
腾达建设(600512),sh600512
联环药业(600513),sh600513
*ST基础(600515),sh600515
方大炭素(600516),sh600516
国网英大(600517),sh600517
*ST康美(600518),sh600518
贵州茅台(600519),sh600519
文一科技(600520),sh600520
华海药业(600521),sh600521
中天科技(600522),sh600522
贵航股份(600523),sh600523
长园集团(600525),sh600525
菲达环保(600526),sh600526
江南高纤(600527),sh600527
中铁工业(600528),sh600528
山东药玻(600529),sh600529
交大昂立(600530),sh600530
豫光金铅(600531),sh600531
未来股份(600532),sh600532
栖霞建设(600533),sh600533
天士力(600535),sh600535
中国软件(600536),sh600536
亿晶光电(600537),sh600537
国发股份(600538),sh600538
狮头股份(600539),sh600539
新赛股份(600540),sh600540
莫高股份(600543),sh600543
卓郎智能(600545),sh600545
山煤国际(600546),sh600546
山东黄金(600547),sh600547
深高速(600548),sh600548
厦门钨业(600549),sh600549
保变电气(600550),sh600550
时代出版(600551),sh600551
凯盛科技(600552),sh600552
*ST海创(600555),sh600555
天下秀(600556),sh600556
康缘药业(600557),sh600557
大西洋(600558),sh600558
老白干酒(600559),sh600559
金自天正(600560),sh600560
江西长运(600561),sh600561
国睿科技(600562),sh600562
法拉电子(600563),sh600563
迪马股份(600565),sh600565
济川药业(600566),sh600566
山鹰国际(600567),sh600567
ST中珠(600568),sh600568
安阳钢铁(600569),sh600569
恒生电子(600570),sh600570
信雅达(600571),sh600571
康恩贝(600572),sh600572
惠泉啤酒(600573),sh600573
淮河能源(600575),sh600575
祥源文化(600576),sh600576
精达股份(600577),sh600577
京能电力(600578),sh600578
克劳斯(600579),sh600579
卧龙电驱(600580),sh600580
八一钢铁(600581),sh600581
天地科技(600582),sh600582
海油工程(600583),sh600583
长电科技(600584),sh600584
海螺水泥(600585),sh600585
金晶科技(600586),sh600586
新华医疗(600587),sh600587
用友网络(600588),sh600588
ST榕泰(600589),sh600589
泰豪科技(600590),sh600590
龙溪股份(600592),sh600592
*ST圣亚(600593),sh600593
益佰制药(600594),sh600594
*ST中孚(600595),sh600595
新安股份(600596),sh600596
光明乳业(600597),sh600597
北大荒(600598),sh600598
ST熊猫(600599),sh600599
青岛啤酒(600600),sh600600
ST方科(600601),sh600601
云赛智联(600602),sh600602
广汇物流(600603),sh600603
市北高新(600604),sh600604
汇通能源(600605),sh600605
绿地控股(600606),sh600606
ST沪科(600608),sh600608
金杯汽车(600609),sh600609
中毅达(600610),sh600610
大众交通(600611),sh600611
老凤祥(600612),sh600612
神奇制药(600613),sh600613
退市鹏起(600614),sh600614
*ST丰华(600615),sh600615
金枫酒业(600616),sh600616
国新能源(600617),sh600617
氯碱化工(600618),sh600618
海立股份(600619),sh600619
天宸股份(600620),sh600620
华鑫股份(600621),sh600621
光大嘉宝(600622),sh600622
华谊集团(600623),sh600623
复旦复华(600624),sh600624
申达股份(600626),sh600626
新世界(600628),sh600628
华建集团(600629),sh600629
龙头股份(600630),sh600630
浙数文化(600633),sh600633
退市富控(600634),sh600634
大众公用(600635),sh600635
国新文化(600636),sh600636
东方明珠(600637),sh600637
新黄浦(600638),sh600638
浦东金桥(600639),sh600639
号百控股(600640),sh600640
万业企业(600641),sh600641
申能股份(600642),sh600642
爱建集团(600643),sh600643
乐山电力(600644),sh600644
中源协和(600645),sh600645
同达创业(600647),sh600647
外高桥(600648),sh600648
城投控股(600649),sh600649
锦江在线(600650),sh600650
飞乐音响(600651),sh600651
*ST游久(600652),sh600652
申华控股(600653),sh600653
ST中安(600654),sh600654
豫园股份(600655),sh600655
信达地产(600657),sh600657
电子城(600658),sh600658
福耀玻璃(600660),sh600660
昂立教育(600661),sh600661
强生控股(600662),sh600662
陆家嘴(600663),sh600663
哈药股份(600664),sh600664
天地源(600665),sh600665
ST瑞德(600666),sh600666
太极实业(600667),sh600667
尖峰集团(600668),sh600668
ST目药(600671),sh600671
东阳光(600673),sh600673
川投能源(600674),sh600674
中华企业(600675),sh600675
交运股份(600676),sh600676
*ST航通(600677),sh600677
四川金顶(600678),sh600678
上海凤凰(600679),sh600679
*ST上普(600680),sh600680
百川能源(600681),sh600681
南京新百(600682),sh600682
京投发展(600683),sh600683
珠江股份(600684),sh600684
中船防务(600685),sh600685
金龙汽车(600686),sh600686
退市刚泰(600687),sh600687
上海石化(600688),sh600688
上海三毛(600689),sh600689
海尔智家(600690),sh600690
阳煤化工(600691),sh600691
亚通股份(600692),sh600692
东百集团(600693),sh600693
大商股份(600694),sh600694
*ST绿庭(600695),sh600695
岩石股份(600696),sh600696
欧亚集团(600697),sh600697
湖南天雁(600698),sh600698
均胜电子(600699),sh600699
退市工新(600701),sh600701
舍得酒业(600702),sh600702
三安光电(600703),sh600703
物产中大(600704),sh600704
中航产融(600705),sh600705
曲江文旅(600706),sh600706
彩虹股份(600707),sh600707
光明地产(600708),sh600708
苏美达(600710),sh600710
盛屯矿业(600711),sh600711
南宁百货(600712),sh600712
南京医药(600713),sh600713
金瑞矿业(600714),sh600714
文投控股(600715),sh600715
凤凰股份(600716),sh600716
天津港(600717),sh600717
东软集团(600718),sh600718
大连热电(600719),sh600719
祁连山(600720),sh600720
*ST百花(600721),sh600721
金牛化工(600722),sh600722
首商股份(600723),sh600723
宁波富达(600724),sh600724
云维股份(600725),sh600725
华电能源(600726),sh600726
鲁北化工(600727),sh600727
佳都科技(600728),sh600728
重庆百货(600729),sh600729
中国高科(600730),sh600730
湖南海利(600731),sh600731
爱旭股份(600732),sh600732
北汽蓝谷(600733),sh600733
*ST实达(600734),sh600734
新华锦(600735),sh600735
苏州高新(600736),sh600736
中粮糖业(600737),sh600737
丽尚国潮(600738),sh600738
辽宁成大(600739),sh600739
山西焦化(600740),sh600740
华域汽车(600741),sh600741
一汽富维(600742),sh600742
华远地产(600743),sh600743
华银电力(600744),sh600744
闻泰科技(600745),sh600745
江苏索普(600746),sh600746
退市大控(600747),sh600747
上实发展(600748),sh600748
西藏旅游(600749),sh600749
江中药业(600750),sh600750
海航科技(600751),sh600751
东方银星(600753),sh600753
锦江酒店(600754),sh600754
厦门国贸(600755),sh600755
浪潮软件(600756),sh600756
长江传媒(600757),sh600757
辽宁能源(600758),sh600758
洲际油气(600759),sh600759
中航沈飞(600760),sh600760
安徽合力(600761),sh600761
通策医疗(600763),sh600763
中国海防(600764),sh600764
中航重机(600765),sh600765
*ST园城(600766),sh600766
运盛医疗(600767),sh600767
宁波富邦(600768),sh600768
祥龙电业(600769),sh600769
综艺股份(600770),sh600770
广誉远(600771),sh600771
西藏城投(600773),sh600773
汉商集团(600774),sh600774
南京熊猫(600775),sh600775
东方通信(600776),sh600776
新潮能源(600777),sh600777
友好集团(600778),sh600778
水井坊(600779),sh600779
通宝能源(600780),sh600780
ST辅仁(600781),sh600781
新钢股份(600782),sh600782
鲁信创投(600783),sh600783
鲁银投资(600784),sh600784
新华百货(600785),sh600785
中储股份(600787),sh600787
鲁抗医药(600789),sh600789
轻纺城(600790),sh600790
京能置业(600791),sh600791
云煤能源(600792),sh600792
宜宾纸业(600793),sh600793
保税科技(600794),sh600794
国电电力(600795),sh600795
钱江生化(600796),sh600796
浙大网新(600797),sh600797
宁波海运(600798),sh600798
渤海化学(600800),sh600800
华新水泥(600801),sh600801
福建水泥(600802),sh600802
新奥股份(600803),sh600803
鹏博士(600804),sh600804
悦达投资(600805),sh600805
退市昆机(600806),sh600806
济南高新(600807),sh600807
马钢股份(600808),sh600808
山西汾酒(600809),sh600809
神马股份(600810),sh600810
东方集团(600811),sh600811
华北制药(600812),sh600812
杭州解百(600814),sh600814
厦工股份(600815),sh600815
ST安信(600816),sh600816
宇通重工(600817),sh600817
中路股份(600818),sh600818
耀皮玻璃(600819),sh600819
隧道股份(600820),sh600820
金开新能(600821),sh600821
上海物贸(600822),sh600822
世茂股份(600823),sh600823
益民集团(600824),sh600824
新华传媒(600825),sh600825
兰生股份(600826),sh600826
百联股份(600827),sh600827
茂业商业(600828),sh600828
人民同泰(600829),sh600829
香溢融通(600830),sh600830
广电网络(600831),sh600831
第一医药(600833),sh600833
申通地铁(600834),sh600834
上海机电(600835),sh600835
上海易连(600836),sh600836
海通证券(600837),sh600837
上海九百(600838),sh600838
四川长虹(600839),sh600839
上柴股份(600841),sh600841
上工申贝(600843),sh600843
丹化科技(600844),sh600844
宝信软件(600845),sh600845
同济科技(600846),sh600846
万里股份(600847),sh600847
上海临港(600848),sh600848
电科数字(600850),sh600850
海欣股份(600851),sh600851
龙建股份(600853),sh600853
春兰股份(600854),sh600854
航天长峰(600855),sh600855
ST中天(600856),sh600856
宁波中百(600857),sh600857
银座股份(600858),sh600858
王府井(600859),sh600859
京城股份(600860),sh600860
北京城乡(600861),sh600861
中航高科(600862),sh600862
内蒙华电(600863),sh600863
哈投股份(600864),sh600864
百大集团(600865),sh600865
星湖科技(600866),sh600866
通化东宝(600867),sh600867
梅雁吉祥(600868),sh600868
远东股份(600869),sh600869
*ST厦华(600870),sh600870
石化油服(600871),sh600871
中炬高新(600872),sh600872
梅花生物(600873),sh600873
创业环保(600874),sh600874
东方电气(600875),sh600875
洛阳玻璃(600876),sh600876
电能股份(600877),sh600877
航天电子(600879),sh600879
博瑞传播(600880),sh600880
亚泰集团(600881),sh600881
妙可蓝多(600882),sh600882
博闻科技(600883),sh600883
杉杉股份(600884),sh600884
宏发股份(600885),sh600885
国投电力(600886),sh600886
伊利股份(600887),sh600887
新疆众和(600888),sh600888
南京化纤(600889),sh600889
*ST中房(600890),sh600890
退市秋林(600891),sh600891
大晟文化(600892),sh600892
航发动力(600893),sh600893
广日股份(600894),sh600894
张江高科(600895),sh600895
*ST海医(600896),sh600896
厦门空港(600897),sh600897
ST美讯(600898),sh600898
长江电力(600900),sh600900
江苏租赁(600901),sh600901
贵州燃气(600903),sh600903
三峡能源(600905),sh600905
财达证券(600906),sh600906
无锡银行(600908),sh600908
华安证券(600909),sh600909
中国黄金(600916),sh600916
重庆燃气(600917),sh600917
中泰证券(600918),sh600918
江苏银行(600919),sh600919
杭州银行(600926),sh600926
西安银行(600928),sh600928
雪天盐业(600929),sh600929
爱柯迪(600933),sh600933
广西广电(600936),sh600936
重庆建工(600939),sh600939
新天绿能(600956),sh600956
东方证券(600958),sh600958
江苏有线(600959),sh600959
渤海汽车(600960),sh600960
株冶集团(600961),sh600961
国投中鲁(600962),sh600962
岳阳林纸(600963),sh600963
福成股份(600965),sh600965
博汇纸业(600966),sh600966
内蒙一机(600967),sh600967
海油发展(600968),sh600968
郴电国际(600969),sh600969
中材国际(600970),sh600970
恒源煤电(600971),sh600971
宝胜股份(600973),sh600973
新五丰(600975),sh600975
健民集团(600976),sh600976
中国电影(600977),sh600977
*ST宜生(600978),sh600978
广安爱众(600979),sh600979
北矿科技(600980),sh600980
汇鸿集团(600981),sh600981
宁波能源(600982),sh600982
惠而浦(600983),sh600983
建设机械(600984),sh600984
淮北矿业(600985),sh600985
浙文互联(600986),sh600986
航民股份(600987),sh600987
赤峰黄金(600988),sh600988
宝丰能源(600989),sh600989
四创电子(600990),sh600990
贵绳股份(600992),sh600992
马应龙(600993),sh600993
文山电力(600995),sh600995
贵广网络(600996),sh600996
开滦股份(600997),sh600997
九州通(600998),sh600998
招商证券(600999),sh600999
唐山港(601000),sh601000
晋控煤业(601001),sh601001
晋亿实业(601002),sh601002
柳钢股份(601003),sh601003
重庆钢铁(601005),sh601005
大秦铁路(601006),sh601006
金陵饭店(601007),sh601007
连云港(601008),sh601008
南京银行(601009),sh601009
文峰股份(601010),sh601010
宝泰隆(601011),sh601011
隆基股份(601012),sh601012
陕西黑猫(601015),sh601015
节能风电(601016),sh601016
宁波港(601018),sh601018
山东出版(601019),sh601019
ST华钰(601020),sh601020
春秋航空(601021),sh601021
玉龙股份(601028),sh601028
一拖股份(601038),sh601038
赛轮轮胎(601058),sh601058
中信建投(601066),sh601066
中铝国际(601068),sh601068
西部黄金(601069),sh601069
渝农商行(601077),sh601077
国芳集团(601086),sh601086
中国神华(601088),sh601088
中南传媒(601098),sh601098
太平洋(601099),sh601099
恒立液压(601100),sh601100
昊华能源(601101),sh601101
中国一重(601106),sh601106
四川成渝(601107),sh601107
财通证券(601108),sh601108
中国国航(601111),sh601111
ST华鼎(601113),sh601113
三江购物(601116),sh601116
中国化学(601117),sh601117
海南橡胶(601118),sh601118
四方股份(601126),sh601126
小康股份(601127),sh601127
常熟银行(601128),sh601128
博威合金(601137),sh601137
工业富联(601138),sh601138
深圳燃气(601139),sh601139
新城控股(601155),sh601155
东航物流(601156),sh601156
重庆水务(601158),sh601158
天风证券(601162),sh601162
三角轮胎(601163),sh601163
兴业银行(601166),sh601166
西部矿业(601168),sh601168
北京银行(601169),sh601169
杭齿前进(601177),sh601177
中国西电(601179),sh601179
中国铁建(601186),sh601186
厦门银行(601187),sh601187
龙江交通(601188),sh601188
东兴证券(601198),sh601198
江南水务(601199),sh601199
上海环境(601200),sh601200
东材科技(601208),sh601208
国泰君安(601211),sh601211
白银有色(601212),sh601212
君正集团(601216),sh601216
吉鑫科技(601218),sh601218
林洋能源(601222),sh601222
陕西煤业(601225),sh601225
华电重工(601226),sh601226
广州港(601228),sh601228
上海银行(601229),sh601229
环旭电子(601231),sh601231
桐昆股份(601233),sh601233
红塔证券(601236),sh601236
广汽集团(601238),sh601238
庞大集团(601258),sh601258
英利汽车(601279),sh601279
农业银行(601288),sh601288
青岛港(601298),sh601298
骆驼股份(601311),sh601311
中国平安(601318),sh601318
中国人保(601319),sh601319
秦港股份(601326),sh601326
交通银行(601328),sh601328
绿色动力(601330),sh601330
广深铁路(601333),sh601333
新华保险(601336),sh601336
百隆东方(601339),sh601339
三六零(601360),sh601360
利群股份(601366),sh601366
绿城水务(601368),sh601368
陕鼓动力(601369),sh601369
中原证券(601375),sh601375
兴业证券(601377),sh601377
怡球资源(601388),sh601388
中国中铁(601390),sh601390
工商银行(601398),sh601398
国机重装(601399),sh601399
国联证券(601456),sh601456
通用股份(601500),sh601500
中新集团(601512),sh601512
东风股份(601515),sh601515
吉林高速(601518),sh601518
大智慧(601519),sh601519
瑞丰银行(601528),sh601528
东吴证券(601555),sh601555
退市锐电(601558),sh601558
九牧王(601566),sh601566
三星医疗(601567),sh601567
北元集团(601568),sh601568
长沙银行(601577),sh601577
会稽山(601579),sh601579
北辰实业(601588),sh601588
上海电影(601595),sh601595
中国外运(601598),sh601598
浙文影业(601599),sh601599
中国铝业(601600),sh601600
中国太保(601601),sh601601
长城军工(601606),sh601606
上海医药(601607),sh601607
中信重工(601608),sh601608
金田铜业(601609),sh601609
中国核建(601611),sh601611
明阳智能(601615),sh601615
广电电气(601616),sh601616
中国中冶(601618),sh601618
嘉泽新能(601619),sh601619
中国人寿(601628),sh601628
长城汽车(601633),sh601633
旗滨集团(601636),sh601636
邮储银行(601658),sh601658
齐鲁银行(601665),sh601665
平煤股份(601666),sh601666
中国建筑(601668),sh601668
中国电建(601669),sh601669
明泰铝业(601677),sh601677
滨化股份(601678),sh601678
友发集团(601686),sh601686
华泰证券(601688),sh601688
拓普集团(601689),sh601689
中银证券(601696),sh601696
中国卫通(601698),sh601698
潞安环能(601699),sh601699
风范股份(601700),sh601700
华峰铝业(601702),sh601702
郑煤机(601717),sh601717
际华集团(601718),sh601718
上海电气(601727),sh601727
中国电信(601728),sh601728
中国中车(601766),sh601766
力帆科技(601777),sh601777
晶科科技(601778),sh601778
光大证券(601788),sh601788
宁波建工(601789),sh601789
蓝科高新(601798),sh601798
星宇股份(601799),sh601799
中国交建(601800),sh601800
皖新传媒(601801),sh601801
中海油服(601808),sh601808
新华文轩(601811),sh601811
京沪高铁(601816),sh601816
光大银行(601818),sh601818
沪农商行(601825),sh601825
三峰环境(601827),sh601827
美凯龙(601828),sh601828
成都银行(601838),sh601838
中国石油(601857),sh601857
中国科传(601858),sh601858
紫金银行(601860),sh601860
福莱特(601865),sh601865
中远海发(601866),sh601866
长飞光纤(601869),sh601869
招商轮船(601872),sh601872
正泰电器(601877),sh601877
浙商证券(601878),sh601878
辽港股份(601880),sh601880
中国银河(601881),sh601881
海天精工(601882),sh601882
江河集团(601886),sh601886
中国中免(601888),sh601888
亚星锚链(601890),sh601890
中煤能源(601898),sh601898
紫金矿业(601899),sh601899
南方传媒(601900),sh601900
方正证券(601901),sh601901
京运通(601908),sh601908
浙商银行(601916),sh601916
新集能源(601918),sh601918
中远海控(601919),sh601919
浙版传媒(601921),sh601921
凤凰传媒(601928),sh601928
吉视传媒(601929),sh601929
永辉超市(601933),sh601933
建设银行(601939),sh601939
中国出版(601949),sh601949
苏垦农发(601952),sh601952
金钼股份(601958),sh601958
重庆银行(601963),sh601963
中国汽研(601965),sh601965
玲珑轮胎(601966),sh601966
宝钢包装(601968),sh601968
海南矿业(601969),sh601969
招商南油(601975),sh601975
中国核电(601985),sh601985
中国银行(601988),sh601988
中国重工(601989),sh601989
南京证券(601990),sh601990
大唐发电(601991),sh601991
金隅集团(601992),sh601992
中金公司(601995),sh601995
丰林集团(601996),sh601996
贵阳银行(601997),sh601997
中信银行(601998),sh601998
出版传媒(601999),sh601999
华兴源创(688001),sh688001
睿创微纳(688002),sh688002
天准科技(688003),sh688003
博汇科技(688004),sh688004
容百科技(688005),sh688005
杭可科技(688006),sh688006
光峰科技(688007),sh688007
澜起科技(688008),sh688008
中国通号(688009),sh688009
福光股份(688010),sh688010
新光光电(688011),sh688011
中微公司(688012),sh688012
天臣医疗(688013),sh688013
交控科技(688015),sh688015
心脉医疗(688016),sh688016
绿的谐波(688017),sh688017
乐鑫科技(688018),sh688018
安集科技(688019),sh688019
方邦股份(688020),sh688020
奥福环保(688021),sh688021
瀚川智能(688022),sh688022
安恒信息(688023),sh688023
杰普特(688025),sh688025
洁特生物(688026),sh688026
国盾量子(688027),sh688027
沃尔德(688028),sh688028
南微医学(688029),sh688029
山石网科(688030),sh688030
天宜上佳(688033),sh688033
传音控股(688036),sh688036
芯源微(688037),sh688037
中科通达(688038),sh688038
当虹科技(688039),sh688039
爱博医疗(688050),sh688050
佳华科技(688051),sh688051
龙腾光电(688055),sh688055
莱伯泰科(688056),sh688056
金达莱(688057),sh688057
宝兰德(688058),sh688058
华锐精密(688059),sh688059
云涌科技(688060),sh688060
派能科技(688063),sh688063
凯赛生物(688065),sh688065
航天宏图(688066),sh688066
爱威科技(688067),sh688067
热景生物(688068),sh688068
德林海(688069),sh688069
纵横股份(688070),sh688070
华依科技(688071),sh688071
诺泰生物(688076),sh688076
大地熊(688077),sh688077
龙软科技(688078),sh688078
美迪凯(688079),sh688079
映翰通(688080),sh688080
兴图新科(688081),sh688081
中望软件(688083),sh688083
三友医疗(688085),sh688085
紫晶存储(688086),sh688086
虹软科技(688088),sh688088
瑞松科技(688090),sh688090
上海谊众(688091),sh688091
爱科科技(688092),sh688092
世华科技(688093),sh688093
福昕软件(688095),sh688095
京源环保(688096),sh688096
博众精工(688097),sh688097
申联生物(688098),sh688098
威胜信息(688100),sh688100
三达膜(688101),sh688101
国力股份(688103),sh688103
金宏气体(688106),sh688106
赛诺医疗(688108),sh688108
品茗股份(688109),sh688109
金山办公(688111),sh688111
联测科技(688113),sh688113
天奈科技(688116),sh688116
圣诺生物(688117),sh688117
普元信息(688118),sh688118
卓然股份(688121),sh688121
西部超导(688122),sh688122
聚辰股份(688123),sh688123
沪硅产业(688126),sh688126
蓝特光学(688127),sh688127
中国电研(688128),sh688128
东来技术(688129),sh688129
皓元医药(688131),sh688131
泰坦科技(688133),sh688133
利扬芯片(688135),sh688135
科兴制药(688136),sh688136
清溢光电(688138),sh688138
海尔生物(688139),sh688139
先惠技术(688155),sh688155
路德环境(688156),sh688156
松井股份(688157),sh688157
优刻得(688158),sh688158
有方科技(688159),sh688159
步科股份(688160),sh688160
埃夫特(688165),sh688165
博瑞医药(688166),sh688166
安博通(688168),sh688168
石头科技(688169),sh688169
百奥泰(688177),sh688177
万德斯(688178),sh688178
阿拉丁(688179),sh688179
君实生物(688180),sh688180
八亿时空(688181),sh688181
生益电子(688183),sh688183
康希诺(688185),sh688185
广大特材(688186),sh688186
时代电气(688187),sh688187
柏楚电子(688188),sh688188
南新制药(688189),sh688189
智洋创新(688191),sh688191
腾景科技(688195),sh688195
卓越新能(688196),sh688196
佰仁医疗(688198),sh688198
久日新材(688199),sh688199
华峰测控(688200),sh688200
信安世纪(688201),sh688201
美迪西(688202),sh688202
道通科技(688208),sh688208
瑞晟智能(688215),sh688215
气派科技(688216),sh688216
睿昂基因(688217),sh688217
江苏北人(688218),sh688218
会通股份(688219),sh688219
前沿生物(688221),sh688221
成都先导(688222),sh688222
开普云(688228),sh688228
博睿数据(688229),sh688229
神工股份(688233),sh688233
寒武纪(688256),sh688256
卓易信息(688258),sh688258
昀冢科技(688260),sh688260
泽�Z制药(688266),sh688266
华特气体(688268),sh688268
凯立新材(688269),sh688269
天智航(688277),sh688277
特宝生物(688278),sh688278
敏芯股份(688286),sh688286
鸿泉物联(688288),sh688288
圣湘生物(688289),sh688289
和达科技(688296),sh688296
东方生物(688298),sh688298
长阳科技(688299),sh688299
联瑞新材(688300),sh688300
奕瑞科技(688301),sh688301
科德数控(688305),sh688305
欧科亿(688308),sh688308
恒誉环保(688309),sh688309
迈得医疗(688310),sh688310
盟升电子(688311),sh688311
燕麦科技(688312),sh688312
仕佳光子(688313),sh688313
康拓医疗(688314),sh688314
诺禾致源(688315),sh688315
青云科技(688316),sh688316
之江生物(688317),sh688317
财富趋势(688318),sh688318
欧林生物(688319),sh688319
微芯生物(688321),sh688321
瑞华泰(688323),sh688323
深科达(688328),sh688328
宏力达(688330),sh688330
铂力特(688333),sh688333
复洁环保(688335),sh688335
三生国健(688336),sh688336
赛科希德(688338),sh688338
亿华通(688339),sh688339
富淼科技(688350),sh688350
键凯科技(688356),sh688356
建龙微纳(688357),sh688357
祥生医疗(688358),sh688358
三孚新科(688359),sh688359
德马科技(688360),sh688360
华熙生物(688363),sh688363
光云科技(688365),sh688365
昊海生科(688366),sh688366
晶丰明源(688368),sh688368
致远互联(688369),sh688369
迪威尔(688377),sh688377
奥来德(688378),sh688378
华光新材(688379),sh688379
新益昌(688383),sh688383
复旦微电(688385),sh688385
泛亚微透(688386),sh688386
嘉元科技(688388),sh688388
普门科技(688389),sh688389
固德威(688390),sh688390
安必平(688393),sh688393
正弦电气(688395),sh688395
华润微(688396),sh688396
赛特新材(688398),sh688398
硕世生物(688399),sh688399
中信博(688408),sh688408
震有科技(688418),sh688418
铁建重工(688425),sh688425
有研粉材(688456),sh688456
金科环境(688466),sh688466
科美诊断(688468),sh688468
艾迪药业(688488),sh688488
慧辰股份(688500),sh688500
青达环保(688501),sh688501
复旦张江(688505),sh688505
芯朋微(688508),sh688508
正元地信(688509),sh688509
航亚科技(688510),sh688510
天微电子(688511),sh688511
苑东生物(688513),sh688513
奥特维(688516),sh688516
金冠电气(688517),sh688517
联赢激光(688518),sh688518
南亚新材(688519),sh688519
神州细胞(688520),sh688520
芯原股份(688521),sh688521
科前生物(688526),sh688526
秦川物联(688528),sh688528
豪森股份(688529),sh688529
上声电子(688533),sh688533
思瑞浦(688536),sh688536
和辉光电(688538),sh688538
瑞联新材(688550),sh688550
科威尔(688551),sh688551
泽达易盛(688555),sh688555
高测股份(688556),sh688556
兰剑智能(688557),sh688557
国盛智科(688558),sh688558
海目星(688559),sh688559
明冠新材(688560),sh688560
奇安信(688561),sh688561
力源科技(688565),sh688565
吉贝尔(688566),sh688566
孚能科技(688567),sh688567
中科星图(688568),sh688568
铁科轨道(688569),sh688569
杭华股份(688571),sh688571
亚辉龙(688575),sh688575
浙海德曼(688577),sh688577
艾力斯(688578),sh688578
山大地纬(688579),sh688579
伟思医疗(688580),sh688580
上纬新材(688585),sh688585
江航装备(688586),sh688586
凌志软件(688588),sh688588
力合微(688589),sh688589
新致软件(688590),sh688590
芯海科技(688595),sh688595
正帆科技(688596),sh688596
煜邦电力(688597),sh688597
金博股份(688598),sh688598
天合光能(688599),sh688599
皖仪科技(688600),sh688600
奥泰生物(688606),sh688606
康众医疗(688607),sh688607
恒玄科技(688608),sh688608
九联科技(688609),sh688609
杭州柯林(688611),sh688611
奥精医疗(688613),sh688613
西力科技(688616),sh688616
惠泰医疗(688617),sh688617
三旺通信(688618),sh688618
罗普特(688619),sh688619
阳光诺和(688621),sh688621
呈和科技(688625),sh688625
翔宇医疗(688626),sh688626
优利德(688628),sh688628
芯��微装(688630),sh688630
星球石墨(688633),sh688633
智明达(688636),sh688636
华恒生物(688639),sh688639
迅捷兴(688655),sh688655
浩欧博(688656),sh688656
悦康药业(688658),sh688658
元琛科技(688659),sh688659
电气风电(688660),sh688660
和林微纳(688661),sh688661
富信科技(688662),sh688662
新风光(688663),sh688663
四方光电(688665),sh688665
菱电电控(688667),sh688667
鼎通科技(688668),sh688668
聚石化学(688669),sh688669
金迪克(688670),sh688670
金盘科技(688676),sh688676
海泰新光(688677),sh688677
福立旺(688678),sh688678
通源环境(688679),sh688679
海优新材(688680),sh688680
科汇股份(688681),sh688681
霍莱沃(688682),sh688682
莱尔科技(688683),sh688683
迈信林(688685),sh688685
奥普特(688686),sh688686
凯因科技(688687),sh688687
蚂蚁集团(688688),sh688688
银河微电(688689),sh688689
纳微科技(688690),sh688690
极米科技(688696),sh688696
伟创电气(688698),sh688698
明微电子(688699),sh688699
东威科技(688700),sh688700
宏微科技(688711),sh688711
唯赛勃(688718),sh688718
格科微(688728),sh688728
壹石通(688733),sh688733
普冉股份(688766),sh688766
博拓生物(688767),sh688767
容知日新(688768),sh688768
国光电气(688776),sh688776
中控技术(688777),sh688777
厦钨新能(688778),sh688778
长远锂科(688779),sh688779
悦安新材(688786),sh688786
海天瑞声(688787),sh688787
科思科技(688788),sh688788
宏华数科(688789),sh688789
倍轻松(688793),sh688793
艾为电子(688798),sh688798
华纳药厂(688799),sh688799
瑞可达(688800),sh688800
天能股份(688819),sh688819
中芯国际(688981),sh688981
